"","TestId","Date","Time","Athlete Code","Type","Excluded","Tags","System Weight","Jump Height","Jump Momentum","Countermovement Depth","Braking RFD","Stiffness","Force at Min Displacement","Relative Force at Min Displacement","Avg. Braking Force","Avg. Relative Braking Force","Peak Braking Force","Peak Relative Braking Force","Avg. Propulsive Force","Avg. Relative Propulsive Force","Peak Propulsive Force","Peak Relative Propulsive Force","Unweighting Phase","Unweighting Phase %","Braking Phase","Braking Phase %","Propulsive Phase","Propulsive Phase %","Flight Time","Time To Takeoff","Braking Net Impulse","Propulsive Net Impulse","Positive Impulse","Positive Net Impulse","Impulse Ratio","Avg. Braking Velocity","Peak Braking Velocity","Avg. Propulsive Velocity","Takeoff Velocity","Peak Velocity","Avg. Braking Power","Avg. Relative Braking Power","Peak Braking Power","Peak Relative Braking Power","Avg. Propulsive Power","Avg. Relative Propulsive Power","Peak Relative Propulsive Power","Peak Propulsive Power","L|R Peak Braking Force","Left Force at Peak Braking Force","Right Force at Peak Braking Force","L|R Avg. Braking Force","Left Avg. Braking Force","Right Avg. Braking Force","L|R Peak Propulsive Force","Left Force at Peak Propulsive Force","Right Force at Peak Propulsive Force","L|R Avg. Propulsive Force","Left Avg. Propulsive Force","Right Avg. Propulsive Force","L|R Avg. Braking RFD","Left Avg. Braking RFD","Right Avg. Braking RFD","L|R Braking Impulse Index","L|R Propulsive Impulse Index","Time to Stabilization","Landing Stiffness","Peak Landing Force","Avg. Landing Force","Relative Peak Landing Force","L|R Peak Landing Force","Left Force at Peak Landing Force","Right Force at Peak Landing Force","L|R Avg. Landing Force","Left Avg. Landing Force","Right Avg. Landing Force","L|R Landing Impulse Index","RSI","mRSI","Braking Impulse","Relative Braking Impulse","Relative Braking Net Impulse","Propulsive Impulse","Relative Propulsive Impulse","Relative Propulsive Net Impulse"
"1","YobBhsQiFo2T6JlfOrlV","10/3/2023",16:23:36,"MBB01","Countermovement Jump",NA,NA,991.381,0.3436,262.4049,-0.2115,20361.7021,-13849.6246,2929,295.4465,2311.3617,233.1457,2916,294.1352,2432.9454,245.4097,3188,321.5716,0.292,51.3181,0.094,16.5202,0.183,32.1617,0.529,0.569,123.1062,265.2508,662.9695,388.357,2.1547,-0.7656,-1.2367,1.6938,2.5966,2.7084,-1581.1843,-15.6463,-2428.4518,-24.0302,3547.8369,35.1069,57.4752,5808.3398,2.7435,1498,1418,-4.7453,1100.8404,1210.5213,2.9486,1641,1547,3.7978,1262.6721,1170.2732,13.0617,11510.6383,8851.0638,-9.2039,7.2985,NA,-17573.1033,4738,1202.957,477.9192,8.4846,2570,2168,26.5074,760.9149,442.0421,NA,0.9297,0.6039,216.296,2.1403,1.2182,446.6735,4.42,2.6247
"2","PJvzjOEfN4NrxGKPenV7","10/3/2023",16:23:27,"MBB01","Countermovement Jump",NA,NA,992.232,0.3519,265.7533,-0.2079,20428.5714,-14436.5313,3002,302.5502,2339.0408,235.7353,2996,301.9455,2483.1844,250.2625,3197,322.2029,0.257,48.1273,0.098,18.3521,0.179,33.5206,0.529,0.534,130.9713,268.364,674.1835,399.3352,2.049,-0.8102,-1.3112,1.6951,2.6275,2.7308,-1691.0585,-16.7192,-2568.4229,-25.3935,3639.6335,35.9843,58.885,5955.9227,2.2029,1531,1465,5.9601,1239.2245,1099.8163,1.0322,1615,1582,3.0948,1280.0168,1203.1676,-7.6923,9428.5714,11000,11.3562,5.9871,1440,-27951.0419,4111,1172.5681,414.3184,8.1489,2223,1888,1.6789,596.1271,576.441,3.2764,0.9906,0.6589,228.21,2.2563,1.2949,445.9735,4.4093,2.6533
"3","Mhkf5N32gWxT7985JiG3","9/25/2023",17:18:09,"MBB01","Countermovement Jump",NA,NA,986.811,0.3593,267.0757,-0.2117,25755.814,-15147.4604,3207,324.9862,2645.1163,268.0469,3202,324.4796,2434.8649,246.7408,3252,329.5464,0.247,47.6834,0.086,16.6023,0.185,35.7143,0.541,0.518,141.4853,269.4755,678.3865,410.9607,1.9046,-0.852,-1.421,1.7663,2.655,2.7759,-2021.6938,-20.0979,-3276.4682,-32.5717,3666.4952,36.449,58.686,5903.3639,3.3729,1655,1547,-1.7294,1299.686,1345.4302,3.567,1684,1568,3.3695,1258.4541,1176.4108,5.4628,13581.3953,12174.4186,-3.4687,6.5049,680,-29834.505,5310,1373.7397,538.097,7.2316,2847,2463,13.0842,776.7412,596.9985,23.1341,1.0444,0.6936,226.351,2.2502,1.4065,452.0355,4.4937,2.6789
"4","zFjnjXmH7NnLi7PRCglk","9/25/2023",17:17:58,"MBB01","Countermovement Jump",NA,NA,987.045,0.3662,269.7123,-0.2096,20767.6768,-14528.5666,3045,308.4966,2306.7374,233.7013,3035,307.4834,2500.2458,253.3062,3255,329.7722,0.255,47.8424,0.099,18.5741,0.179,33.5835,0.541,0.533,129.606,272.3679,676.3725,401.974,2.1015,-0.8148,-1.305,1.743,2.6806,2.7886,-1669.6761,-16.5945,-2476.142,-24.6098,3747.4089,37.2446,61.1733,6155.0305,5.7002,1604,1431,4.8418,1209.2121,1097.5253,3.2873,1681,1574,3.8191,1297.8659,1202.3799,2.0428,10595.9596,10171.7172,9.2604,7.364,690,-25938.5603,4687,1367.9203,474.8517,7.1048,2510,2177,-7.0153,635.9783,731.942,-13.1038,1.015,0.6871,227.3235,2.2593,1.2881,449.049,4.463,2.707
"5","e8QLCRqJUwIgfzxwVodF","9/18/2023",17:18:36,"MBB01","Countermovement Jump",NA,NA,992.769,0.3747,274.3851,-0.2102,26811.7647,-15520.4274,3262,328.5759,2678.2,269.7707,3306,333.008,2465.0484,248.3003,3314,333.8138,0.277,50.5474,0.085,15.5109,0.186,33.9416,0.552,0.548,142.0996,275.46,686.6,417.5596,1.9385,-0.8616,-1.4055,1.7983,2.7113,2.8239,-2031.1411,-20.0706,-3076.4503,-30.3998,3792.3346,37.4738,59.4163,6012.9126,-3.8113,1590,1716,-8.8756,1220.2471,1457.9529,-2.3537,1618,1696,1.6356,1252.6828,1212.3656,3.8175,13917.6471,12894.1176,-16.4092,3.1791,1780,-28184.6061,4701,1146.9191,473.5241,33.3333,3134,1567,9.8834,630.1371,516.782,18.0162,1.0073,0.6837,226.485,2.238,1.4042,460.115,4.5466,2.7219
"6","8x2GrsKtE3tDyQjAfgnP","9/18/2023",17:18:25,"MBB01","Countermovement Jump",NA,NA,992.385,0.3721,273.3174,-0.2103,22298.9691,-15027.8499,3160,318.4248,2366.8144,238.4976,3153,317.7194,2527.4078,254.6802,3278,330.3154,0.255,48.0226,0.097,18.2674,0.179,33.71,0.548,0.531,132.2222,276.3301,682.4505,408.5522,2.0899,-0.8382,-1.3274,1.7487,2.7018,2.804,-1750.4726,-17.3039,-2565.2957,-25.3587,3805.5319,37.6187,61.7694,6248.6288,-0.7295,1565,1588,-3.6872,1139.7732,1227.0412,-2.4405,1599,1679,1.4385,1281.8827,1245.5251,-2.8202,10835.0515,11463.9175,-7.1194,2.8061,2250,-24986.8945,4222,1112.3467,425.4397,7.8636,2277,1945,7.6896,598.9409,513.4058,14.2774,1.032,0.7007,228.4835,2.2586,1.3071,453.967,4.4876,2.7316
"7","pNF1XWYRtxLcmY9D3S83","10/3/2023",16:22:34,"MBB02","Countermovement Jump",NA,NA,807.729,0.3659,220.6183,-0.2358,9137.6812,-8753.858,2064,255.5312,1571.0145,194.4977,2064,255.5312,1901.6683,235.434,2338,289.4535,0.22,39.2857,0.138,24.6429,0.202,36.0714,0.559,0.56,104.6954,221.9852,601.3085,326.6806,2.1203,-0.8194,-1.2788,1.6611,2.6794,2.7789,-1149.7003,-13.9633,-1551.8885,-18.8479,2810.1894,34.1302,57.6243,4744.6336,-3.1977,999,1065,0.1697,786.8406,784.1739,-1.1976,1155,1183,-2.9831,922.4703,979.198,-11.1816,4057.971,5079.7101,0.3998,-5.7837,740,-18573.1526,6454,1118.7514,799.0304,-1.3635,3183,3271,-0.8547,554.5946,564.1568,-1.7306,0.9982,0.6534,216.162,2.6253,1.2715,385.1465,4.6777,2.696
"8","UHfmd9QEU17hI0mDgKao","10/3/2023",16:22:22,"MBB02","Countermovement Jump",NA,NA,812.3,0.3626,220.8659,-0.2363,9022.7273,-8484.3375,2005,246.83,1471.5227,181.1551,2005,246.83,1946.1128,239.5806,2421,298.0426,0.37,53.0846,0.132,18.9383,0.195,27.977,0.556,0.697,86.4184,222.07,574.1105,308.4884,2.5697,-0.6935,-1.0489,1.6227,2.6674,2.7574,-908.4054,-10.9706,-1200.0641,-14.493,2834.0722,34.2266,59.6022,4935.2571,-8.6284,916,1089,-10.5359,658.2424,813.2803,-3.7588,1165,1256,-5.2296,922.1692,1023.9436,-10.8312,4022.7273,5000,-19.0608,-9.9491,570,-10730.9941,4733,1208.4386,582.6665,-6.1483,2221,2512,1.7299,614.6719,593.7667,3.3917,0.7977,0.5203,193.642,2.3386,1.0437,380.4685,4.5948,2.6819
"9","6PU1PrnrR4T4vgJbcp5k","9/25/2023",17:16:59,"MBB02","Countermovement Jump",NA,NA,809.124,0.3893,227.9383,-0.2001,24395.3488,-14490.6694,2899,358.2887,2166.686,267.7817,2899,358.2887,2197.8049,271.6277,3086,381.4001,0.267,51.6441,0.086,16.6344,0.164,31.7215,0.581,0.517,115.6803,229.1702,547.1315,344.8505,1.9811,-0.8856,-1.4084,1.877,2.7636,2.8742,-1667.6735,-20.2192,-2497.7874,-30.2837,3445.9002,41.7789,66.5295,5487.318,-4.3118,1387,1512,-9.4534,980.9302,1185.7558,-6.3513,1445,1641,-5.475,1038.7378,1159.0671,-3.1459,11813.9535,12581.3953,-17.3307,-10.3669,760,-16223.2107,5860,1128.4566,724.24,-0.8532,2905,2955,-8.2156,517.8737,610.5829,-15.1871,1.1238,0.7529,185.265,2.2462,1.4025,361.8665,4.3874,2.7785
"10","rfy8x3j1BCR8CcPDDy7Q","9/25/2023",17:16:42,"MBB02","Countermovement Jump",NA,NA,810.849,0.4019,232.1119,-0.1953,20303.0303,-14544.6057,2840,350.2502,1901.1414,234.4631,2821,347.9069,2260.0435,278.7256,3088,380.8354,0.261,50.096,0.099,19.0019,0.161,30.9021,0.58,0.521,106.9179,234.7098,552.4485,341.6278,2.1952,-0.8547,-1.3157,1.8644,2.8082,2.9102,-1415.6765,-17.1275,-1884.5395,-22.8,3542.901,42.8635,69.4984,5744.4179,-8.6849,1288,1533,-10.9466,846.5152,1054.6263,-2.4611,1506,1582,-3.6566,1088.7019,1171.3416,-7.7612,9363.6364,10939.3939,-19.7625,-7.0896,720,-20654.9707,5678,1138.6778,700.2537,-1.9373,2784,2894,7.5595,612.3778,526.3,14.037,1.1132,0.7715,187.192,2.2647,1.2935,365.2565,4.419,2.8396
"11","STFVxV3apZSFwLT3Rs9A","9/18/2023",17:17:35,"MBB02","Countermovement Jump",NA,NA,808.338,0.4034,231.8236,-0.2367,12750,-10103.6148,2392,295.9158,1780.5968,220.2787,2392,295.9158,2003.2474,247.823,2592,320.6579,0.307,49.12,0.124,19.84,0.194,31.04,0.584,0.625,119.7311,232.9909,609.7735,352.722,1.946,-0.8865,-1.4582,1.8205,2.8134,2.9191,-1423.0826,-17.2705,-2319.8429,-28.1536,3158.3053,38.3292,61.2862,5049.9418,2.0067,1220,1172,-5.1904,844.0887,936.5081,0.7716,1306,1286,0.0051,1001.6753,1001.5722,2.9728,6564.5161,6185.4839,-9.9211,0.0305,750,-16834.0016,5821,1138.008,720.1196,6.5796,3102,2719,2.2495,581.804,556.204,4.3983,0.9344,0.6455,219.965,2.6695,1.4531,389.8085,4.7307,2.8276
"12","b45QYSLAIMELne8xYwpv","9/18/2023",17:17:28,"MBB02","Countermovement Jump",NA,NA,813.048,0.3743,224.6021,-0.2099,13098.2143,-10831.0008,2273,279.5653,1655.3929,203.6033,2273,279.5653,2088.2841,256.8463,2719,334.4206,0.429,59.8326,0.112,15.6206,0.176,24.5467,0.555,0.717,93.6016,225.5551,553.3145,319.1567,2.4097,-0.7184,-1.1316,1.7367,2.71,2.8091,-1057.8711,-12.764,-1503.3942,-18.1395,3147.3225,37.9747,63.1967,5237.711,0.132,1138,1135,-3.0711,802.2768,853.1161,-0.331,1355,1364,-1.3343,1030.2102,1058.0739,0.0682,6553.5714,6544.6429,-5.9824,-2.6253,790,-18010.349,4176,1102.8848,513.6228,-0.5747,2076,2100,0.5712,554.5924,548.2924,1.1335,0.7741,0.5221,184.663,2.2281,1.1294,368.6515,4.448,2.7215
"13","zd7RE7cq8dcvoVfIzp9p","10/3/2023",16:27:02,"MBB03","Countermovement Jump",NA,NA,1010.908,0.3951,286.8947,-0.2549,15419.3548,-11494.8542,2930,289.8384,2073.25,205.0879,2924,289.2449,2409.5777,238.3578,3008,297.5543,0.252,43.299,0.124,21.3058,0.206,35.3952,0.559,0.582,130.7679,289.5745,753.942,420.3424,2.2144,-0.8504,-1.2854,1.796,2.7841,2.908,-1546.1637,-15.0042,-2119.1116,-20.5642,3761.0816,36.4981,61.2972,6316.5987,-5.7456,1378,1546,-10.7471,925.2177,1148.0323,-4.3883,1438,1570,-4.5282,1150.233,1259.3447,0,7709.6774,7709.6774,-19.4733,-8.6718,950,-19640.8063,5055,1300.8863,500.0455,6.3897,2689,2366,24.6845,811.0021,489.8842,39.6171,0.9605,0.6788,256.1205,2.4854,1.269,497.8215,4.8309,2.8101
"14","eMnglquo04NZw6N5czTJ","10/3/2023",16:26:52,"MBB03","Countermovement Jump",NA,NA,1011.059,0.3764,280.0832,-0.2477,14153.2258,-11205.6683,2776,274.5636,2012.4355,199.0423,2769,273.8713,2401.5644,237.5296,3015,298.2022,0.314,49.0625,0.124,19.375,0.202,31.5625,0.54,0.64,123.2857,282.2461,735.137,405.5318,2.2894,-0.7907,-1.2077,1.7504,2.7176,2.8481,-1405.668,-13.6388,-1880.4564,-18.2455,3660.4055,35.5158,62.02,6392.0363,-2.853,1345,1424,-8.5356,920.3306,1092.1048,-4.4776,1440,1575,-5.0046,1140.6881,1260.8762,7.8063,7629.0323,6524.1935,-15.8253,-9.5164,NA,-25735.1933,5670,1134.3769,560.7981,-0.6349,2817,2853,-6.5153,530.2342,604.1427,NA,0.8438,0.5881,248.657,2.4126,1.1962,486.48,4.7202,2.7385
"15","9zTKOTBOiiXP5VMoNnQE","9/25/2023",17:20:00,"MBB03","Countermovement Jump",NA,NA,1011.771,0.385,283.4674,-0.2248,20154.5455,-14369.2721,3230,319.2422,2218.6182,219.2807,3230,319.2422,2543.8324,251.4237,3376,333.6723,0.239,44.7566,0.11,20.5993,0.185,34.6442,0.543,0.534,131.6347,285.0279,715.135,416.6626,2.1653,-0.8471,-1.282,1.8423,2.7485,2.8796,-1627.567,-15.7807,-2176.7866,-21.1058,3977.0064,38.5605,64.6714,6669.9922,-8.7926,1473,1757,-14.4693,948.8,1269.8182,-4.5024,1612,1764,-4.134,1219.3351,1324.4973,0.857,10163.6364,9990.9091,-25.387,-7.9708,830,-26699.1467,6180,1332.141,610.8102,-4.6278,2947,3233,24.4931,829.212,502.9289,39.3442,1.0169,0.721,242.9295,2.3554,1.2763,472.2055,4.5784,2.7636
"16","dTlHyesl2qsLVkHgtykH","9/25/2023",17:19:49,"MBB03","Countermovement Jump",NA,NA,1012.506,0.3776,280.9178,-0.2351,17883.9286,-12852.3485,3022,298.4674,2111.7768,208.5693,3016,297.8748,2488.5654,245.7828,3167,312.7883,0.316,51.0501,0.112,18.0937,0.191,30.8562,0.537,0.619,122.1093,283.4154,712.314,405.5247,2.321,-0.7974,-1.1978,1.7755,2.7218,2.8452,-1468.51,-14.2281,-1955.8246,-18.9497,3806.2854,36.8785,62.689,6470.2331,-2.4536,1471,1545,-1.9977,1034.7946,1076.9821,-2.8734,1538,1629,-4.7749,1184.8691,1303.6963,-0.4493,8901.7857,8982.1429,-3.9304,-9.0951,1390,-26403.8652,6633,1205.3237,655.1072,-10.5985,2965,3668,-3.9401,578.9165,626.4072,-7.5923,0.8675,0.61,235.51,2.2818,1.1831,476.804,4.6197,2.746
"17","8eeDJC80dnzNUAZutItA","9/18/2023",17:20:42,"MBB03","Countermovement Jump",NA,NA,1018.743,0.3818,284.2162,-0.3028,13480.916,-9201.0206,2786,273.4743,2159.7099,211.9975,2787,273.5724,2223.1603,218.2258,2786,273.4743,0.286,43.7309,0.131,20.0306,0.237,36.2385,0.537,0.654,148.5777,286.8269,810.302,435.4046,1.9305,-0.9208,-1.4463,1.7631,2.7369,2.8795,-1767.1355,-17.0167,-2464.5545,-23.7325,3443.0344,33.1547,56.6402,5881.9379,-3.911,1339,1448,-2.12,1056.9618,1102.7481,-3.8765,1339,1447,-4.0845,1066.1772,1156.9831,-14.043,5793.8931,7687.0229,-4.0798,-7.8487,900,-21449.5782,5243,1309.3344,514.6538,-1.3542,2586,2657,21.4994,795.4167,513.9178,35.3869,0.8211,0.5838,282.033,2.7158,1.4307,528.269,5.087,2.762
"18","AyH5pg5PDYIaLXGm8TXq","9/18/2023",17:20:29,"MBB03","Countermovement Jump",NA,NA,1020.897,0.3953,289.818,-0.3013,13068.1818,-9092.6754,2740,268.3914,2139.553,209.5758,2740,268.3914,2271.9224,222.5418,2740,268.3914,0.333,47.7762,0.132,18.9383,0.232,33.2855,0.557,0.697,146.7906,291.5954,809.9925,438.386,1.9865,-0.9018,-1.4181,1.756,2.7849,2.9221,-1713.3911,-16.4643,-2378.429,-22.8548,3538.217,33.9994,60.0363,6247.7967,0.8029,1381,1359,2.4577,1096.0682,1043.4848,0.8029,1381,1359,-1.3872,1120.2026,1151.7198,-6.4348,6113.6364,6954.5455,4.8498,-2.7272,1100,-22552.4271,6221,1270.9536,609.3661,0.6912,3132,3089,6.7352,678.2773,592.6764,12.6273,0.7991,0.5671,281.549,2.7055,1.4105,528.4435,5.0779,2.802
"19","0KAA9YbwQZRXJdYmhytg","10/3/2023",16:21:54,"MBB04","Countermovement Jump",NA,NA,928.057,0.4034,266.1412,-0.2422,14175,-10877.6148,2635,283.9265,1972.375,212.5274,2634,283.8188,2177.2664,234.6048,2695,290.3916,0.226,40.3571,0.12,21.4286,0.214,38.2143,0.589,0.56,124.4587,268.6338,703.0635,393.0925,2.1584,-0.8621,-1.3324,1.8084,2.8132,2.9679,-1499.9252,-15.8549,-2073.151,-21.9142,3433.5449,36.2942,62.4284,5905.9254,5.467,1389,1245,6.7267,1052.525,919.85,5.3803,1420,1275,7.1385,1166.3458,1010.9206,-1.7049,6966.6667,7208.3333,12.6577,13.3165,950,-9104.207,3059,1225.2947,329.6134,5.2632,1610,1449,-5.1518,581.0853,644.2095,-9.7784,1.0518,0.7203,235.8255,2.4928,1.3156,467.238,4.9389,2.8396
"20","jltdGVEJDfDYxFqJGyUH","10/3/2023",16:21:45,"MBB04","Countermovement Jump",NA,NA,928.377,0.3905,261.9329,-0.2522,11427.4809,-9650.7719,2434,262.178,1885.4809,203.0943,2428,261.5317,2166.7358,233.3897,2582,278.1198,0.448,56.6372,0.131,16.5613,0.212,26.8015,0.578,0.791,124.6181,263.7276,706.779,388.3457,2.1163,-0.8313,-1.3264,1.7071,2.7678,2.8796,-1407.2677,-14.8704,-1940.4436,-20.5043,3300.6724,34.8776,59.9741,5675.694,7.084,1300,1128,8.3256,1021.229,864.2519,5.9644,1368,1214,6.5994,1154.8632,1011.8726,2.4716,5854.9618,5572.5191,15.3991,12.3685,760,-11389.3905,3707,1286.9592,399.299,0.0809,1855,1852,-11.0813,572.1737,714.7855,-19.9447,0.7307,0.4936,246.2355,2.6019,1.3168,460.5435,4.8665,2.7868
"21","ZtqvkbG0woA0zIkUieo0","9/25/2023",17:16:18,"MBB04","Countermovement Jump",NA,NA,925.447,0.4612,283.791,-0.2458,16543.1034,-11552.7565,2840,306.8787,2036.8017,220.0884,2838,306.6626,2371.0812,256.2093,2905,313.9024,0.23,42.3573,0.116,21.3628,0.197,36.2799,0.641,0.543,127.9496,286.1859,703.8005,414.1356,2.2367,-0.9053,-1.3724,1.8705,3.0083,3.1001,-1603.6373,-16.999,-2166.8938,-22.9697,3904.784,41.3918,67.8503,6400.7977,6.272,1508,1330,1.0729,1029.3276,1007.4741,5.8864,1538,1367,5.9886,1256.5381,1114.5431,11.308,9206.8966,7336.2069,2.0414,11.287,1370,-9068.2987,5803,1150.0584,627.0483,10.1155,3195,2608,-20.4042,457.6993,692.3591,-33.9059,1.1805,0.8494,235.3015,2.4943,1.3563,468.499,4.9662,3.0337
"22","XaLCOonBbaOgoYz4fKXF","9/25/2023",17:16:02,"MBB04","Countermovement Jump",NA,NA,925.974,0.42,270.9733,-0.2163,19790.4762,-13812.0376,2987,322.5793,2119.6381,228.909,2984,322.2553,2401.5054,259.3491,3027,326.899,0.376,56.5414,0.105,15.7895,0.184,27.6692,0.592,0.665,124.2762,272.9703,664.853,397.2465,2.1965,-0.8641,-1.3287,1.8332,2.8708,2.9716,-1593.5472,-16.8824,-2032.6757,-21.5347,3818.3916,40.453,65.3623,6169.5982,3.4182,1543,1441,1.2716,1073.2952,1046.3429,4.3277,1579,1448,5.8896,1271.4728,1130.0326,8.5659,10742.8571,9047.619,2.438,11.0894,820,-15716.0042,4930,1262.7744,532.4124,-3.0832,2389,2541,0.7982,636.4268,626.3476,1.5766,0.8902,0.6316,221.5035,2.3467,1.3166,443.3495,4.697,2.8919
"23","A6sXBjCwzcQmcFmooxwa","9/18/2023",17:17:03,"MBB04","Countermovement Jump",NA,NA,935.982,0.4381,279.7208,-0.2553,15798.3193,-11011.9847,2811,300.3263,2049.2689,218.9432,2811,300.3263,2292.6039,244.941,2813,300.54,0.273,45.576,0.119,19.8664,0.207,34.5576,0.629,0.599,131.5306,282.2117,718.8725,413.7424,2.1456,-0.9102,-1.3952,1.831,2.9317,3.0347,-1632.2685,-17.1078,-2166.9496,-22.7117,3701.2358,38.7925,63.6227,6070.3038,-0.5336,1398,1413,-2.4551,999.479,1049.7899,-0.1777,1404,1409,3.4062,1185.3478,1107.256,-2.234,7722.6891,8075.6303,-4.7947,6.5608,NA,-0.3325,6823,686.9731,728.967,-6.1996,3200,3623,-22.4297,266.4436,420.5295,NA,1.0501,0.7314,242.9125,2.546,1.3786,475.96,4.9885,2.9579
"24","OokjXlx09oOy9IjaHxVC","9/18/2023",17:16:56,"MBB04","Countermovement Jump",NA,NA,935.568,0.4087,270.0634,-0.2064,23630.9524,-14284.8793,2949,315.2096,2642.9524,282.4971,4040,431.8232,2456.9888,262.62,3326,355.506,0.322,55.137,0.084,14.3836,0.178,30.4795,0.59,0.584,142.4028,272.2524,659.774,414.6552,1.9118,-0.7992,-1.507,1.8581,2.8318,2.9515,-2036.7549,-21.3566,-4692.4488,-49.2032,3893.8997,40.8299,65.7447,6269.9955,7.0297,2162,1878,3.0621,1361.9405,1281.0119,5.0511,1747,1579,4.8776,1288.4157,1168.573,19.2947,14095.2381,9535.7143,5.8012,9.3211,760,-12854.7559,6379,1307.2947,681.8318,6.2863,3390,2989,-8.2217,599.9066,707.3882,-15.2101,1.0103,0.6999,220.9905,2.3172,1.4932,438.7835,4.6009,2.8547
"25","dUDjKrBNqXlDyVLdF3vj","10/3/2023",16:20:46,"MBB05","Countermovement Jump",NA,NA,746.383,0.4693,230.8787,-0.2748,11684.6154,-8246.3209,2266,303.5975,1620.3385,217.0921,2266,303.5975,1895.7313,253.9891,2403,321.9527,0.257,43.7075,0.13,22.1088,0.201,34.1837,0.617,0.588,112.8372,232.1305,592.0205,344.9677,2.0572,-0.9632,-1.4903,1.9084,3.0345,3.1297,-1368.8105,-17.9908,-1803.1967,-23.7001,3172.7188,41.7003,66.979,5096.0255,17.2992,1329,937,16.9044,947.1231,673.2154,10.6117,1329,1074,5.3422,998.5025,897.2289,26.6623,7400,4284.6154,28.8756,10.2171,580,-22779.6533,7813,1135.6862,1046.7816,-4.2877,3739,4074,-10.4497,508.5052,627.181,-18.9452,1.0493,0.7982,209.867,2.7584,1.4831,382.1535,5.0228,3.051
"26","ezOAG9i5Sp1Hk95PK8TP","10/3/2023",16:20:33,"MBB05","Countermovement Jump",NA,NA,745.344,0.4974,237.3395,-0.2899,9916.0839,-7505.7572,2176,291.9457,1542.3217,206.9275,2176,291.9457,1825.8182,244.9632,2215,297.1782,0.336,48.0687,0.143,20.4578,0.22,31.4735,0.636,0.699,113.2398,238.7753,622.575,352.0151,2.1086,-0.9853,-1.4999,1.9046,3.1238,3.2141,-1332.053,-17.5321,-1845.0618,-24.2842,3109.861,40.9311,67.984,5165.2834,9.0993,1187,989,11.055,856.4126,685.9091,7.5395,1191,1024,5.2599,960.9273,864.8909,21.1566,6006.993,3909.0909,19.8555,10.0056,990,-7814.4127,3454,988.3919,463.4102,-9.7279,1559,1895,8.5814,536.6051,451.7869,15.805,0.9099,0.7115,219.824,2.8933,1.4904,402.751,5.3009,3.1427
"27","zPYf3mbhjJSwvmhE1NxX","9/25/2023",17:14:53,"MBB05","Countermovement Jump",NA,NA,743.18,0.512,240.1077,-0.2907,11959.6774,-7677.0458,2232,300.331,1688.2016,227.1592,2227,299.6582,1912.5243,257.3433,2336,314.3249,0.271,45.0915,0.124,20.6323,0.206,34.2762,0.653,0.601,116.4212,241.9734,603.644,358.3946,2.0784,-0.981,-1.5523,1.9277,3.1694,3.2472,-1465.1232,-19.3397,-1993.9398,-26.3201,3285.2587,43.3655,70.704,5356.3486,9.4746,1219,1008,4.6762,883.5726,804.629,6.6781,1246,1090,4.3215,997.5874,914.9369,21.3756,7258.0645,4701.6129,8.8287,8.3178,1140,-6194.172,3670,960.1535,493.8238,-17.1117,1521,2149,9.7591,526.9281,433.2254,17.7799,1.0865,0.8519,208.5755,2.7532,1.5368,395.0685,5.2149,3.1941
"28","IRwBaB9SOpLVF3jnBeUF","9/25/2023",17:14:37,"MBB05","Countermovement Jump",NA,NA,743.333,0.4987,237.0304,-0.2843,11550.3876,-7799.1971,2217,298.2513,1664.7907,223.963,2217,298.2513,1906.0539,256.4199,2278,306.4575,0.312,48.3721,0.129,20,0.204,31.6279,0.651,0.645,118.099,238.2776,603.9065,356.3766,2.0176,-0.9859,-1.5663,1.9099,3.1282,3.2097,-1453.2549,-19.1791,-1961.5526,-25.8872,3242.5568,42.793,70.2683,5324.4386,8.8859,1207,1010,5.1453,875.2248,789.5659,7.3749,1223,1055,4.7174,997.9853,908.0686,29.9329,7503.876,4046.5116,9.6378,9.0343,3230,-7945.6377,4061,819.4851,546.3231,-18.296,1659,2402,0.6226,412.2935,407.1916,1.2145,1.0093,0.7733,213.989,2.8241,1.5586,389.9175,5.1459,3.1446
"29","rdnIDIlP3bHAAmIWvRQR","9/18/2023",17:15:27,"MBB05","Countermovement Jump",NA,NA,751.006,0.4939,238.3155,-0.2861,11894.7368,-8162.3465,2335,310.9163,1649.5263,219.6422,2335,310.9163,1924.4581,256.2507,2371,315.7099,0.259,43.5294,0.133,22.3529,0.203,34.1176,0.641,0.595,118.6967,239.3588,610.3935,358.0555,2.0166,-1.0176,-1.5548,1.9241,3.113,3.1949,-1459.986,-19.071,-2015.0815,-26.322,3277.9114,42.8176,68.9533,5278.732,9.2077,1275,1060,4.4583,861.5338,787.9925,8.14,1282,1089,5.9957,1019.9212,904.5369,35.1454,8037.594,3857.1429,8.3392,11.3272,1340,-12003.4586,6162,932.3522,820.4994,4.901,3232,2930,4.0884,485.2351,447.1172,7.8566,1.0773,0.8301,218.5805,2.8552,1.5505,391.813,5.118,3.1266
"30","9EqTE9gaXwuC7Es5IeYN","9/18/2023",17:15:16,"MBB05","Countermovement Jump",NA,NA,752.413,0.4652,231.7155,-0.2583,13905.6604,-8628.2994,2229,296.2469,1932.9528,256.9005,2451,325.7519,1945.0361,258.5064,2312,307.2781,0.332,52.5316,0.106,16.7722,0.194,30.6962,0.616,0.632,124.3592,232.4674,582.5505,356.8266,1.8693,-0.9437,-1.6222,1.8193,3.0211,3.1015,-1662.0596,-21.67,-2728.389,-35.5729,3178.8403,41.4459,71.1553,5457.511,3.5496,1269,1182,3.1231,996.6604,936.2925,5.7958,1223,1089,6.0479,1031.3351,913.701,19.81,8330.1887,5575.4717,5.954,11.4046,900,-15451.208,4732,1009.3222,628.9099,-14.7506,2017,2715,-1.1094,499.0622,510.26,-2.227,0.9747,0.7361,204.115,2.6613,1.6214,378.4355,4.9341,3.0309
"31","hMRdhcnwCdWek7oCp76C","10/3/2023",16:27:47,"MBB06","Countermovement Jump",NA,NA,911.858,0.4246,268.2797,-0.3324,11812.5,-7226.5408,2402,263.4182,2278.9531,249.9241,2995,328.4503,1988.8273,218.1071,2395,262.6505,1.601,80.9403,0.128,6.4712,0.249,12.5885,0.602,1.978,174.2037,269.3514,787.3255,443.555,1.5462,-1.0216,-1.8766,1.7916,2.8862,3.0004,-2210.1133,-23.777,-4731.7995,-50.9059,3193.7925,34.3596,57.7304,5366.1536,-3.1052,1451,1544,4.5546,1191.375,1087.5781,5.7203,1266,1129,6.2732,1056.7952,932.0321,22.7513,7250,4562.5,8.6169,11.8021,1250,-9134.4338,5736,1135.3712,629.0453,-13.6681,2476,3260,-41.3636,332.8704,802.5008,-58.5295,0.3043,0.2147,290.9215,3.1298,1.8741,496.404,5.3404,2.8978
"32","wIM7QwfpZ5msUmAnUIW1","10/3/2023",16:27:24,"MBB06","Countermovement Jump",NA,NA,912.055,0.447,275.3244,-0.2764,21406.25,-10760.1601,2974,326.0768,2656.0417,291.2151,3567,391.0948,2227.8476,244.2668,2977,326.4058,0.603,66.3366,0.096,10.5611,0.21,23.1023,0.616,0.909,166.3637,277.7875,723.24,444.1512,1.6698,-0.9718,-1.8066,1.9119,2.9614,3.0687,-2466.7901,-26.5326,-4890.6613,-52.6036,3691.3829,39.7043,63.16,5872.1109,-7.3171,1653,1914,8.1206,1435.8646,1220.1771,5.8112,1575,1402,3.2938,1150.6143,1077.2333,7.9319,11552.0833,9854.1667,15.0113,6.3981,NA,-12631.0043,7284,1135.9295,798.636,-8.402,3336,3948,-20.7914,449.8771,686.0525,NA,0.6777,0.4917,253.921,2.7312,1.7894,469.319,5.048,2.9879
"33","Q4jyyOntbI5tPYo2Cgkg","9/25/2023",17:20:29,"MBB06","Countermovement Jump",NA,NA,907.529,0.4842,285.1313,-0.3114,19825.2427,-9465.8831,2948,324.8381,2599.9806,286.4901,3539,389.96,2173.2345,239.4672,2948,324.8381,1.386,80.8163,0.103,6.0058,0.226,13.1778,0.659,1.715,173.2735,287.5104,759.361,460.784,1.6593,-1.0352,-1.8895,1.9861,3.0821,3.199,-2542.7079,-27.4856,-5264.1889,-56.9036,3752.8077,40.5662,64.8751,6001.6347,-12.7437,1544,1995,3.6826,1347.8641,1252.1165,3.3243,1523,1425,4.4795,1135.292,1037.9425,0.9794,10009.7087,9815.534,7.1215,8.5598,NA,-0.2481,4383,634.5038,482.9598,30.5955,2862,1521,23.671,392.3486,242.1551,NA,0.3843,0.2823,266.749,2.8834,1.873,492.612,5.3249,3.1079
"34","tQPjylMQ4swsYQzCpz57","9/25/2023",17:20:17,"MBB06","Countermovement Jump",NA,NA,907.94,0.461,278.3536,-0.254,21710,-11935.3114,3032,333.9428,2455.2,270.4143,3027,333.3921,2340.1436,257.7421,3063,337.3571,0.597,66.9283,0.1,11.2108,0.195,21.861,0.645,0.892,153.5855,280.7737,702.2015,434.3592,1.8281,-0.9702,-1.6773,1.9384,3.0075,3.1121,-2182.26,-23.5786,-3616.2044,-39.0719,3913.3042,42.282,67.7209,6267.7338,5.3188,1594,1433,2.1546,1254.05,1201.15,3.8198,1590,1473,5.5118,1234.5641,1105.5795,5.205,11420,10290,4.1956,10.4335,1950,-7814.198,4989,1063.2595,549.4856,11.1646,2773,2216,18.1799,628.2795,434.98,30.7626,0.7231,0.5168,244.3795,2.6404,1.6594,457.822,4.9466,3.0337
"35","FVUpVBMhXCUhaxyDYGty","9/18/2023",17:21:09,"MBB06","Countermovement Jump",NA,NA,895.605,0.4751,278.7365,-0.2904,18439.2523,-9889.3493,2872,320.6771,2298.8972,256.6865,2873,320.7887,2185.5463,244.0302,2874,320.9004,0.307,48.7302,0.107,16.9841,0.216,34.2857,0.645,0.63,149.1523,280.0468,718.4795,429.1991,1.8776,-0.9947,-1.6386,1.941,3.0531,3.156,-2036.3706,-22.3054,-3116.7023,-34.1388,3714.5734,40.6875,65.2977,5961.3614,7.6227,1546,1327,0.9025,1159.8224,1139.0748,7.5852,1546,1328,6.024,1158.6019,1026.9444,29.6503,11953.271,6485.9813,1.5625,11.362,1080,-11848.1086,4497,1171.9491,502.1187,36.0018,3058,1439,3.4238,606.037,565.912,6.6175,1.0238,0.7541,244.982,2.6834,1.6337,473.4975,5.1864,3.0675
"36","ECMLaNIqZBBA4O8ySULz","9/18/2023",17:20:57,"MBB06","Countermovement Jump",NA,NA,896.289,0.4679,276.8122,-0.2868,21000,-10527.3786,3019,336.8333,2532.38,282.5406,3046,339.8457,2214.3952,247.0626,3012,336.0523,1.036,76.9688,0.1,7.4294,0.21,15.6018,0.65,1.346,162.5271,278.2988,718.6755,440.8259,1.7123,-1.005,-1.7857,1.9466,3.0297,3.1382,-2357.58,-25.804,-4476.7819,-48.999,3747.9135,41.0214,65.1677,5954.0344,5.3841,1605,1441,5.1825,1331.81,1200.57,4.3161,1571,1441,3.4327,1145.2048,1069.1905,12.0952,11770,9230,9.8012,6.6389,NA,-9037.7815,5334,1018.5615,595.1205,4.1995,2779,2555,6.4672,542.217,476.3445,NA,0.4829,0.3476,252.156,2.7599,1.7789,466.5195,5.1061,3.046
"37","xqMfH6HQegfj5ul8kLvo","10/3/2023",16:24:38,"MBB07","Countermovement Jump",NA,NA,831.89,0.4501,252.0056,-0.3098,8396.2264,-7007.5583,2171,260.972,1523.5786,183.1466,2167,260.4912,1921.7198,231.0065,2220,266.8622,0.408,51.0638,0.159,19.8999,0.232,29.0363,0.611,0.799,109.3055,253.903,688.4775,363.2085,2.3229,-0.8648,-1.3019,1.7935,2.9718,3.0688,-1171.3823,-13.8134,-1475.4144,-17.3987,3111.2811,36.6895,64.9646,5509.0139,-2.9072,1052,1115,-5.5971,719.1509,804.4277,-4.5946,1059,1161,-3.9537,922.8707,998.8491,-7.5655,3880.5031,4515.7233,-10.5918,-7.5935,NA,-6578.9452,4656,971.9027,559.6894,2.5773,2388,2268,-12.8497,423.5079,548.3948,NA,0.7647,0.5634,241.576,2.8488,1.289,446.9015,5.2701,2.9941
"38","Qm4pu4t18pf8HWBTpGwA","10/3/2023",16:23:59,"MBB07","Countermovement Jump",NA,NA,832.619,0.4683,257.2791,-0.3114,8176.8293,-6991.9592,2177,261.4641,1465.25,175.9809,2174,261.1038,1921.211,230.7431,2207,265.0672,0.354,46.8874,0.164,21.7219,0.237,31.3907,0.614,0.755,103.077,259.0708,696.028,362.1478,2.5134,-0.8406,-1.226,1.8146,3.0313,3.137,-1088.8015,-12.8284,-1420.0678,-16.7314,3161.4777,37.2488,67.2476,5707.6052,1.2879,1101,1073,-1.1748,724.0183,741.2317,-6.3888,1033,1174,-4.8293,914.2152,1006.9958,4.3997,4268.2927,3908.5366,-2.3512,-9.1756,1490,-5570.3589,4466,1004.5638,536.3798,-19.7044,1793,2673,1.2121,508.3698,496.194,2.3931,0.8132,0.6203,239.6265,2.8233,1.2145,456.4015,5.3774,3.0524
"39","93AaCkttf0GGv7Vbx00T","9/18/2023",17:19:06,"MBB07","Countermovement Jump",NA,NA,827.164,0.4723,256.6642,-0.3369,7264.8649,-6443.1733,2171,262.4631,1414.0054,170.9462,2169,262.2213,1852.1036,223.9101,2192,265.0019,0.329,43.0065,0.185,24.183,0.251,32.8105,0.627,0.765,107.8902,258.3253,726.859,366.2155,2.3943,-0.9183,-1.2899,1.8967,3.044,3.1898,-1138.6992,-13.5047,-1434.7887,-17.0163,3130.0839,37.1222,66.3214,5592.115,-4.8409,1032,1137,-7.8003,651.8541,762.1514,-7.0255,1019,1173,-9.2127,840.7371,1011.3665,-3.4226,3508.1081,3756.7568,-14.4911,-16.8483,1110,-7103.8691,5143,1067.2207,621.763,-17.2467,2128,3015,-1.7672,524.1802,543.0405,-3.4801,0.8196,0.6173,260.9155,3.0944,1.2796,465.9435,5.526,3.0637
"40","e3NIs852NjK0AAw1DP3K","9/18/2023",17:18:58,"MBB07","Countermovement Jump",NA,NA,828.34,0.465,255.042,-0.3617,8621.3018,-6322.0731,2287,276.0944,1506.929,181.9216,2287,276.0944,1901.2773,229.5286,2295,277.0601,0.347,46.0212,0.169,22.4138,0.238,31.565,0.623,0.754,113.949,256.4821,707.5655,370.4311,2.2508,-0.9325,-1.3571,1.8265,3.0205,3.1288,-1232.5802,-14.5974,-1561.8955,-18.4975,3136.4326,37.1447,66.6139,5624.7688,-0.3935,1139,1148,-1.7854,740.0118,766.9172,-0.3922,1143,1152,-1.4418,936.9328,964.3445,1.1668,4360.9467,4260.355,-3.5231,-2.8322,1600,-4171.8021,4822,988.3844,582.1281,4.438,2518,2304,14.611,566.3987,421.9856,25.4753,0.8263,0.6167,253.9385,3.0074,1.3495,453.627,5.3723,3.0375
"41","nTn1sW7T1gtDQPjCDoFq","10/3/2023",16:26:04,"MBB08","Countermovement Jump",NA,NA,970.009,0.3683,265.8035,-0.1993,20340.4255,-14498.1911,2889,297.8323,2360.9043,243.3899,2983,307.5229,2466.3483,254.2604,3205,330.4093,0.401,59.584,0.094,13.9673,0.178,26.4487,0.548,0.673,129.7737,267.7704,661.3865,397.5441,2.0634,-0.8076,-1.323,1.7669,2.6882,2.8437,-1703.8579,-17.2316,-2847.9823,-28.8025,3728.1722,37.7042,65.9646,6522.5495,16.6611,1740,1243,3.0618,1216.5957,1144.3085,5.4602,1690,1515,5.6067,1302.3146,1164.0337,-4.1841,9744.6809,10595.7447,6.0016,10.5661,740,-20872.8767,7278,1318.1838,750.3023,15.9659,4220,3058,-20.0577,526.8932,791.2905,-33.3942,0.8143,0.5473,220.9545,2.2346,1.3124,440.432,4.4542,2.708
"42","8iSbyBkLDRUDLbUGJFvF","10/3/2023",16:25:48,"MBB08","Countermovement Jump",NA,NA,969.237,0.4023,277.5914,-0.1903,24988.0952,-16140.2018,3072,316.9503,2560.9048,264.2186,3072,316.9503,2663.622,274.8164,3229,333.1487,0.424,63.0952,0.084,12.5,0.164,24.4048,0.561,0.672,132.6286,279.3841,652.3835,412.0127,2.1065,-0.783,-1.3513,1.7285,2.8096,2.881,-1832.8861,-18.5513,-2983.3902,-30.196,4061.2431,41.1053,67.9778,6716.2671,5.9896,1628,1444,8.0905,1384.0476,1176.8571,7.1539,1730,1499,2.8244,1369.4268,1294.1951,8.7184,13583.3333,11404.7619,14.9628,5.5034,710,-27881.4579,6785,1343.1028,700.0352,7.266,3639,3146,12.8547,757.8775,585.2254,22.7999,0.8348,0.5987,214.0445,2.1664,1.3424,438.339,4.4366,2.8277
"43","DkjHzcKlpk59khaDTyHt","10/3/2023",16:25:18,"MBB09","Countermovement Jump",NA,NA,843.916,0.3609,228.9152,-0.1676,22275.8621,-16547.2093,2774,328.7057,1875.5057,222.2384,2774,328.7057,2212.4192,262.1611,2912,345.058,0.39,60.559,0.087,13.5093,0.167,25.9317,0.546,0.644,88.7693,229.9115,533.0355,318.6808,2.59,-0.6907,-1.0341,1.7436,2.661,2.7638,-1111.5617,-12.9212,-1512.6948,-17.5841,3301.8327,38.3818,61.2177,5266.3194,1.3699,1406,1368,4.0945,976.1494,899.3563,2.0604,1486,1426,1.7825,1125.9281,1086.491,-8.0495,10241.3793,12034.4828,8.0012,3.5001,670,-27291.4251,9104,1182.6403,1078.7804,-6.0633,4276,4828,17.3468,693.8955,488.7448,29.5457,0.8478,0.5604,162.19,1.8854,1.0319,370.8455,4.3108,2.6726
"44","YYYV3uR2C3dLxJyuFtdw","10/3/2023",16:24:57,"MBB09","Countermovement Jump",NA,NA,844.043,0.373,232.7632,-0.2331,11571.4286,-9896.6022,2307,273.3273,1645.619,194.9686,2301,272.6164,1989.4804,235.7084,2401,284.4642,0.281,45.9902,0.126,20.6219,0.204,33.3879,0.555,0.611,100.2641,234.8067,613.605,335.0708,2.3419,-0.7885,-1.1795,1.6857,2.7053,2.8148,-1140.5242,-13.2559,-1514.9074,-17.6072,2971.7666,34.5397,58.254,5012.1181,3.9548,1196,1105,3.1995,849.1349,796.4841,2.4573,1230,1171,3.7772,1032.3137,957.1667,5.8985,6126.9841,5444.4444,6.1823,7.2747,450,-15845.9933,6931,1350.0511,821.1667,10.9219,3844,3087,-1.0148,668.1756,681.8756,-1.99,0.9083,0.6105,206.6135,2.4014,1.1653,406.9915,4.7303,2.7291
"45","teiAcdmzkFDLUEeYfK2y","9/25/2023",17:18:41,"MBB09","Countermovement Jump",NA,NA,825.964,0.3884,232.4212,-0.2189,12593.2203,-10583.2771,2317,280.5207,1635.6017,198.0234,2317,280.5207,2011.4643,243.5293,2430,294.2017,0.268,46.0481,0.118,20.2749,0.196,33.677,0.569,0.582,94.7872,233.5016,587.6415,328.2888,2.4634,-0.7481,-1.1291,1.7089,2.7605,2.8548,-1072.7507,-12.7411,-1407.5913,-16.718,3053.9165,36.2715,60.2267,5070.8516,-2.6327,1128,1189,0.1674,819.1695,816.4322,-1.4815,1197,1233,-0.3467,1002.2449,1009.2194,-12.9206,5483.0508,7110.1695,0.436,-0.7094,830,-31288.8401,8197,1108.8325,992.4161,-2.2081,4008,4189,-29.8926,388.6867,720.1458,-46.0259,0.9777,0.6673,192.251,2.2834,1.1258,395.3905,4.6961,2.7733
"46","PSrVA0HJvnAwr6mEoiL6","9/25/2023",17:18:29,"MBB09","Countermovement Jump",NA,NA,825.748,0.3908,233.0767,-0.1995,12571.4286,-11705.5549,2335,282.7739,1590.3866,192.5995,2325,281.5629,2089.1243,252.9978,2588,313.4128,0.279,47.8559,0.119,20.4117,0.185,31.7324,0.566,0.583,90.238,234.8641,576.1295,325.1021,2.6027,-0.7234,-1.0839,1.7235,2.769,2.8623,-1012.9079,-12.0335,-1317.9731,-15.6577,3173.46,37.7011,62.3943,5251.9861,-0.6452,1155,1170,0.8063,801.605,788.7815,-0.0773,1293,1295,-0.5335,1038.9892,1050.1351,-3.3422,6075.6303,6495.7983,1.6322,-1.058,610,-52470.902,8392,1206.7525,1016.2907,4.1468,4370,4022,-11.5282,533.818,672.9344,-20.6704,0.9708,0.6703,188.502,2.2394,1.072,387.6275,4.6051,2.7902
"47","sr2Z5DY7qOkM01Yt8zYp","9/18/2023",17:19:38,"MBB09","Countermovement Jump",NA,NA,848.378,0.3718,233.5788,-0.2536,7866.1972,-7735.6031,1962,231.2648,1597.9437,188.3528,1962,231.2648,1859.1558,219.1424,2163,254.9571,0.362,49.2517,0.142,19.3197,0.231,31.4286,0.549,0.735,105.8733,234.4562,656.7745,340.3295,2.2145,-0.7603,-1.225,1.6087,2.7009,2.8124,-1101.8853,-12.7414,-1557.9903,-18.0154,2735.164,31.6274,56.8864,4919.587,0,981,981,-3.0065,774.9507,822.993,0.8784,1091,1072,0.8906,937.8571,921.2987,-5.4611,3718.3099,4147.8873,-5.8258,1.7683,780,-48547.2464,7108,1146.9692,837.8341,7.0343,3804,3304,10.1398,631.6346,515.3346,18.4109,0.7469,0.5059,226.343,2.6173,1.2242,430.4315,4.9772,2.7111
"48","dgrduTAp9swhNUsYclp7","9/18/2023",17:19:26,"MBB09","Countermovement Jump",NA,NA,848.255,0.3768,235.0941,-0.2213,9281.4815,-9475.3325,2097,247.2134,1562.9481,184.2545,2097,247.2134,2000.3922,235.8244,2384,281.0476,0.295,46.53,0.135,21.2934,0.204,32.1767,0.546,0.634,95.8506,236.068,619.477,331.9186,2.4629,-0.7135,-1.1104,1.6296,2.7188,2.8149,-1000.0527,-11.5655,-1359.1771,-15.7188,2954.4249,34.1677,59.6072,5154.1374,1.3829,1063,1034,-5.9053,735.3259,827.6222,2.2651,1219,1165,3.8012,1038.2157,962.1765,11.253,5162.963,4118.5185,-11.243,7.3053,2210,-9724.591,5925,951.2719,698.4928,-9.2658,2688,3237,14.392,544.0896,407.1824,25.1547,0.8612,0.5943,210.365,2.4329,1.1085,409.112,4.7313,2.7301
"49","4WfuY08RspPUpQlewQjW","10/3/2023",16:20:16,"MBB10","Countermovement Jump",NA,NA,806.866,0.4585,246.6973,-0.3343,9675.8621,-6623.5018,2214,274.395,1634.131,202.5282,2214,274.395,1911.5268,236.9076,2294,284.3099,0.437,54.2184,0.145,17.9901,0.224,27.7916,0.61,0.806,119.2459,248.536,665.5155,367.7819,2.0842,-0.955,-1.4626,1.861,2.9994,3.1127,-1377.3209,-16.7457,-1846.7924,-22.4536,3158.5318,38.4019,66.6181,5479.2907,-1.7164,1088,1126,-1.6176,803.8483,830.2828,-2.2668,1121,1173,-4.5882,911.9107,999.6161,-0.784,4800,4875.8621,-3.1878,-8.7483,960,-4231.7544,4580,1064.4188,567.6283,4.3231,2389,2191,6.4429,566.499,497.9198,12.111,0.7568,0.5689,236.2415,2.8723,1.4498,429.274,5.2192,3.0217
"50","EozVew1ofhDXBYAWtf9R","10/3/2023",16:19:30,"MBB10","Countermovement Jump",NA,NA,806.416,0.4658,248.5185,-0.291,10940.2985,-7821.1086,2276,282.2365,1665.7687,206.5644,2276,282.2365,2011.335,249.4165,2507,310.8817,0.371,52.18,0.134,18.8467,0.206,28.9733,0.621,0.711,114.4123,249.3368,637.9305,363.7491,2.1793,-0.8891,-1.3923,1.9119,3.0232,3.1484,-1311.5698,-15.9552,-1799.0257,-21.885,3371.2125,41.0106,70.4879,5794.3468,-4.3937,1088,1188,-3.4814,803.8881,861.8806,-1.6354,1233,1274,-5.0628,954.7524,1056.5825,-1.5007,5388.0597,5552.2388,-6.7402,-9.6284,NA,-4234.5544,4224,877.6776,523.7991,4.8295,2214,2010,-5.1754,416.1273,461.5502,NA,0.8734,0.6552,222.472,2.7064,1.3918,415.4585,5.054,3.0332
"51","gvZPbYkDHhgsHvu6WPuB","9/25/2023",17:14:15,"MBB10","Countermovement Jump",NA,NA,796.66,0.4912,252.1001,-0.2959,11961.2403,-7921.4071,2344,294.2284,1688.2171,211.9119,2339,293.6008,2031.4537,254.9963,2506,314.5633,0.354,51.4535,0.129,18.75,0.205,29.7965,0.631,0.688,114.2314,254.2822,634.598,368.5136,2.226,-0.9185,-1.4242,1.946,3.1043,3.2079,-1370.1605,-16.872,-1895.2199,-23.3376,3464.9497,42.6671,72.0204,5848.7013,-3.463,1129,1210,0.4399,847.8217,840.3953,-2.6337,1220,1286,-2.724,988.0585,1043.3951,-6.6753,5581.3953,6379.845,0.9252,-5.3009,1020,-5334.1808,5735,1045.1951,719.8805,10.898,3180,2555,-8.1697,479.9029,565.2922,-15.1072,0.9172,0.7139,217.0005,2.6721,1.4066,417.5975,5.1423,3.1312
"52","EuhnJxnKJCd3V5nlnEji","9/25/2023",17:13:51,"MBB10","Countermovement Jump",NA,NA,795.851,0.3789,221.1974,-0.1974,16846.8468,-13518.4483,2668,335.2386,1633.973,205.3114,2668,335.2386,2213.609,278.1436,3075,386.3789,0.405,60.2679,0.111,16.5179,0.156,23.2143,0.567,0.672,92.087,222.4852,527.0645,314.5723,2.416,-0.7611,-1.1415,1.8299,2.7266,2.8329,-1081.9271,-13.3363,-1389.0678,-17.1222,3396.2614,41.8638,68.4166,5550.3996,-1.6492,1312,1356,2.0692,833.8919,800.0811,-0.2276,1534,1541,-2.7531,1076.3333,1137.2756,-4.385,8054.0541,8792.7928,4.1184,-5.3405,930,-4154.8987,5357,1018.443,673.1159,3.1921,2764,2593,-1.0672,503.7871,514.6559,-2.1046,0.8437,0.5639,180.4265,2.224,1.1351,346.638,4.2728,2.7424
"53","dNEmu1fN9mIagtHtDscJ","9/18/2023",17:14:50,"MBB10","Countermovement Jump",NA,NA,794.624,0.3927,224.829,-0.2051,21535.3535,-14219.4598,2916,366.966,1793.9394,225.7595,2916,366.966,2219.9684,279.3734,3111,391.5059,0.342,57.0952,0.099,16.5275,0.158,26.3773,0.574,0.599,97.8547,226.6434,528.7165,324.4981,2.3161,-0.8346,-1.2213,1.8826,2.7756,2.8832,-1273.2998,-15.7195,-1623.9241,-20.0481,3477.5219,42.9316,69.6115,5638.632,1.7833,1484,1432,5.1137,942.8384,851.101,1.1893,1574,1537,-2.9893,1076.8038,1143.1646,-0.6567,10696.9697,10838.3838,9.7941,-5.752,1000,-6417.3808,6161,1025.586,775.3353,9.2031,3364,2797,-11.1846,455.439,570.147,-20.1319,0.9583,0.6555,176.5225,2.1793,1.2081,352.194,4.348,2.798
"54","CgGHQtPCG9b1CnbxYegf","9/18/2023",17:14:38,"MBB10","Countermovement Jump",NA,NA,792.34,0.3112,199.5621,-0.1714,24101.1236,-17198.3888,2947,371.9363,1806.1236,227.9481,2947,371.9363,2160.8151,272.7131,3221,406.5174,0.333,58.6268,0.089,15.669,0.146,25.7042,0.528,0.568,89.1432,201.2579,476.601,290.4011,2.2577,-0.7598,-1.1152,1.7479,2.4708,2.5993,-1166.3282,-14.4404,-1475.4457,-18.2676,3080.1195,38.1351,63.0253,5090.4647,0.4411,1480,1467,2.8586,928.8764,877.2472,0.4036,1617,1604,-2.9672,1048.3493,1112.4658,-3.7762,11595.5056,12505.618,5.6416,-5.726,940,-4415.2058,5877,1024.25,741.727,5.3599,3096,2781,-2.6358,498.6266,525.6234,-5.1341,0.9296,0.5478,159.6615,1.9768,1.1037,316.9395,3.924,2.4918
"55","TOV6IXUsvHZQw3uzT8n6","10/3/2023",16:21:23,"MBB11","Countermovement Jump",NA,NA,863.982,0.4773,269.5215,-0.243,12000,-10395.0374,2526,292.3672,1553.4891,179.8057,2505,289.9366,2397.858,277.5356,2880,333.3403,0.44,58.4329,0.137,18.1939,0.176,23.3732,0.614,0.753,93.634,271.1972,635.2575,364.8311,2.8964,-0.7269,-1.0727,1.8454,3.0603,3.1329,-997.8607,-11.3301,-1259.1227,-14.2966,3945.1022,44.7943,75.478,6647.4639,8.9022,1364,1141,1.8278,790.9416,762.5474,1.6667,1464,1416,4.0654,1247.6705,1150.1875,19.3431,7160.5839,4839.4161,3.4585,7.8323,1570,-15099.2667,4935,1030.3242,571.1925,6.1398,2619,2316,-1.2731,508.6038,521.7204,-2.5169,0.8154,0.6339,211.9995,2.4071,1.0632,423.258,4.8058,3.0793
"56","bAoasRJDY5bcwPY2jDQM","10/3/2023",16:21:09,"MBB11","Countermovement Jump",NA,NA,863.444,0.4779,269.5244,-0.2111,10912.6984,-10617.2884,2241,259.542,1573.9048,182.2822,2241,259.542,2516.5951,291.4601,3295,381.6113,0.387,57.2485,0.126,18.6391,0.163,24.1124,0.619,0.676,88.8251,270.5556,608.916,359.3807,3.0459,-0.6409,-1.0116,1.8424,3.0622,3.1307,-910.819,-10.3482,-1290.0284,-14.6566,4130.3695,46.9271,79.5086,6998.0903,1.3833,1136,1105,-4.5242,751.3492,822.5556,-1.6692,1620,1675,-0.8072,1248.1411,1268.454,13.4545,6190.4762,4722.2222,-8.7718,-1.5771,1780,-18875.0849,4531,1013.15,524.759,6.7755,2419,2112,-18.5901,412.4022,600.7478,-31.368,0.9157,0.707,197.619,2.2452,1.0092,411.297,4.6729,3.0739
"57","LZrOcp2DwrQPAq5HnUqr","9/25/2023",17:15:39,"MBB11","Countermovement Jump",NA,NA,893.198,0.504,286.318,-0.2061,25880.4348,-15995.8209,3296,369.0111,2028.913,227.1515,3270,366.1002,2744.4903,307.2656,3596,402.5983,0.605,71.0094,0.092,10.7981,0.155,18.1925,0.634,0.852,103.2863,288.5713,612.4775,391.8576,2.7939,-0.7832,-1.1496,2.0006,3.1446,3.225,-1353.5352,-14.8659,-1784.1655,-19.5955,4700.3728,51.6242,84.0042,7648.5602,7.8899,1764,1506,0.5207,1019.7391,1009.1739,2.5584,1844,1752,1.7062,1395.6581,1348.8323,16.4217,15065.2174,10815.2174,0.835,3.4001,1830,-24482.7107,5517,1047.0098,617.6682,4.2958,2877,2640,4.5986,547.5787,499.4311,8.7918,0.7441,0.5916,185.4605,2.0369,1.1344,427.017,4.6899,3.1694
"58","WcRvJIQG74v6pPHqALRf","9/25/2023",17:15:12,"MBB11","Countermovement Jump",NA,NA,894.418,0.5039,286.6737,-0.2106,20200,-14940.869,3147,351.8489,1699.8091,190.0464,3120,348.8302,2727.8025,304.9807,3511,392.5458,0.553,67.439,0.11,13.4146,0.157,19.1463,0.639,0.82,87.478,289.3889,615.6765,376.8669,3.3081,-0.7168,-0.9796,1.9749,3.1442,3.2205,-1038.7793,-11.3934,-1289.1796,-14.1398,4646.0225,50.9577,84.1305,7670.5191,7.3718,1675,1445,6.1092,901.8273,797.9818,-1.6804,1726,1785,-0.6512,1355.0191,1372.7834,9.901,11100,9100,11.475,-1.2258,NA,-23528.6872,5456,1004.5714,610.0056,1.2463,2762,2694,-6.6463,468.9024,535.669,NA,0.7793,0.6145,185.864,2.0386,0.9595,429.8125,4.7142,3.174
"59","D1ohF6YYhGsmHj8Blbi4","9/18/2023",17:16:10,"MBB11","Countermovement Jump",NA,NA,888.047,0.4627,272.7615,-0.2036,22231.5789,-14813.4151,3016,339.6217,1928.9368,217.2111,2993,337.0317,2621.943,295.2482,3473,391.0829,0.301,54.3321,0.095,17.148,0.158,28.5199,0.621,0.554,97.8185,275.4326,597.927,373.2511,2.8158,-0.7385,-1.1008,1.9337,3.0131,3.1047,-1233.0509,-13.6212,-1643.6446,-18.1569,4326.3239,47.7917,79.4163,7189.1375,15.3358,1726,1267,4.6128,1008.9579,919.9789,0.0864,1738,1735,1.9299,1336.2722,1285.6709,26.5152,14063.1579,8168.4211,8.5891,3.8869,1390,-17624.8626,5880,1084.3504,662.1271,-2.9592,2853,3027,4.1429,564.6367,519.7137,7.9555,1.1209,0.8353,182.183,2.0125,1.0806,415.744,4.5926,3.0426
"60","uOFkTUXI5yHTKOoNwePl","9/18/2023",17:15:51,"MBB11","Countermovement Jump",NA,NA,886.187,0.4435,266.4636,-0.1915,19141.4141,-14755.3134,2825,318.7815,1914.1212,215.9952,2790,314.832,2598.2756,293.1972,3418,385.6974,0.309,54.7872,0.099,17.5532,0.156,27.6596,0.601,0.564,100.808,268.4658,595.2515,369.2738,2.6631,-0.7204,-1.1285,1.8827,2.9497,3.0417,-1219.4706,-13.4994,-1757.8878,-19.4596,4195.9843,46.4491,78.0384,7049.6053,9.9642,1534,1256,4.0074,995.4141,918.7071,0.117,1711,1707,2.5049,1331.6795,1266.5962,18.3113,11323.2323,7818.1818,7.5744,4.9432,1350,-16707.2523,5231,1083.6822,590.2817,2.9249,2692,2539,-11.3031,480.5963,603.0859,-20.3203,1.0656,0.7863,188.5405,2.0871,1.1159,406.711,4.5022,2.9719
"61","z6286Z3ENN0LZp8W5XsO","10/3/2023",16:26:33,"MBB12","Countermovement Jump",NA,NA,835.381,0.3333,217.7736,-0.1441,24738.0952,-20145.1841,2902,347.3864,1992.5238,238.5168,2902,347.3864,2309.5541,276.4672,3171,379.5873,0.17,42.2886,0.084,20.8955,0.148,36.8159,0.516,0.402,96.1465,219.6031,509.558,315.7496,2.284,-0.753,-1.1415,1.7104,2.5573,2.6605,-1289.4125,-15.1418,-1802.4965,-21.167,3317.3837,38.9565,63.4727,5405.0844,-7.9945,1335,1567,-8.1973,914.5952,1077.9286,-4.825,1509,1662,-6.115,1084.1622,1225.3919,-7.8922,11392.8571,13345.2381,-15.1575,-11.527,540,-51231.4645,6882,1232.8352,823.8157,-5.696,3245,3637,1.4154,625.1426,607.6926,2.7846,1.2836,0.8292,166.3185,1.9531,1.1291,343.2395,4.0307,2.5788
"62","nwY7j30wqaluTAoDjcjv","10/3/2023",16:26:23,"MBB12","Countermovement Jump",NA,NA,835.707,0.3513,223.6404,-0.1641,17601.9417,-16097.1861,2642,316.1395,1814.165,217.0815,2642,316.1395,2287.0714,273.6691,3020,361.3707,0.208,44.7312,0.103,22.1505,0.154,33.1183,0.526,0.465,99.8582,224.8066,539.4415,324.6648,2.2513,-0.7511,-1.1768,1.6949,2.6252,2.7113,-1200.3137,-14.09,-1751.1083,-20.5555,3329.5634,39.0843,62.9736,5364.6751,-3.9364,1269,1373,-12.1509,796.8641,1017.301,-8.8742,1376,1644,-6.0955,1073.8312,1213.2403,-5.7915,8291.2621,9310.6796,-21.7185,-11.4577,NA,-33993.0358,7101,971.4972,849.6997,4.0698,3695,3406,-9.3338,440.4099,531.0873,NA,1.1312,0.7554,185.936,2.1826,1.1722,353.5055,4.1496,2.6389
"63","IbWdP8EXRa7EUFFgCiNs","9/25/2023",17:19:30,"MBB12","Countermovement Jump",NA,NA,820.41,0.3898,231.266,-0.1854,20688.172,-14851.5955,2753,335.5639,1917.4731,233.7213,2753,335.5639,2254.2547,274.7717,2974,362.5017,0.29,53.3088,0.093,17.0956,0.161,29.5956,0.566,0.544,101.0529,232.205,541.642,333.2579,2.2979,-0.7868,-1.2101,1.795,2.7653,2.8546,-1303.9212,-15.5916,-1778.4304,-21.2655,3465.6485,41.4403,65.9383,5514.4196,-6.6473,1285,1468,-5.3582,907.3656,1010.1075,-4.7747,1416,1558,-3.4808,1087.8944,1166.3602,-7.4844,9569.8925,11118.2796,-10.1502,-6.7494,NA,-5.3747,7796,823.1755,950.2566,7.4397,4188,3608,13.7421,468.1487,355.0268,NA,1.0404,0.7165,177.351,2.1207,1.2083,364.291,4.356,2.7766
"64","QZElZ9rgy4uWYx9HvEMK","9/25/2023",17:19:04,"MBB12","Countermovement Jump",NA,NA,819.827,0.3931,232.0996,-0.1756,26848.1013,-16658.2592,2926,356.9046,2222.1266,271.0482,2921,356.2947,2286.3396,278.8807,3013,367.5166,0.21,46.875,0.079,17.6339,0.159,35.4911,0.574,0.448,109.6997,234.6235,539.442,344.3232,2.1388,-0.8443,-1.3337,1.8178,2.7773,2.8829,-1632.7596,-19.5375,-2316.135,-27.7147,3524.5164,42.1741,68.9223,5759.873,-6.6758,1363,1558,-12.9241,967.4684,1254.6582,-7.6004,1392,1621,-5.451,1080.8553,1205.4843,8.3451,14544.3038,12303.7975,-23.099,-10.3415,780,-23051.8397,6831,1124.4949,833.2246,0.8344,3444,3387,2.7962,577.9692,546.5256,5.4287,1.2812,0.8775,174.466,2.0876,1.3127,364.976,4.3673,2.8075
"65","IpNbaQQfi1CuTW1jmXJK","9/18/2023",17:20:12,"MBB12","Countermovement Jump",NA,NA,824.916,0.3831,230.5501,-0.2084,12147.2868,-11511.0991,2399,290.8175,1631.7132,197.8036,2386,289.2416,2076.7568,251.7537,2609,316.2746,0.205,39.499,0.129,24.8555,0.185,35.6455,0.553,0.519,103.2743,232.7655,595.0635,336.0399,2.2539,-0.8035,-1.2453,1.728,2.7417,2.8434,-1168.1923,-13.8923,-1516.4351,-18.0336,3139.8442,37.3394,61.8309,5199.3183,-14.5013,1020,1366,-18.2701,666.7984,964.9147,-7.4741,1207,1402,-6.6278,969.5568,1107.2,-29.9298,4255.814,7891.4729,-30.8268,-12.4614,750,-34438.1669,7044,1128.4827,853.9051,-6.1613,3305,3739,-3.961,541.892,586.5907,-7.6354,1.0655,0.7382,209.6885,2.4936,1.2282,385.375,4.5829,2.7681
"66","OMe3iKgHBoY1tvWq9Xty","9/18/2023",17:20:05,"MBB12","Countermovement Jump",NA,NA,826.554,0.3733,228.0388,-0.2158,13157.0248,-11168.1785,2410,291.572,1749.9174,211.7124,2410,291.572,2060.5622,249.2955,2597,314.196,0.222,42.0455,0.121,22.9167,0.185,35.0379,0.552,0.528,110.913,229.478,593.3165,340.391,2.069,-0.8363,-1.3243,1.7161,2.7065,2.8109,-1301.8197,-15.4507,-1849.7232,-21.9535,3092.3916,36.7022,60.3082,5081.3417,-9.2116,1094,1316,-8.7995,797.9669,951.9504,-5.4293,1228,1369,-5.3572,975.0865,1085.4757,-27.8894,4743.8017,8413.2231,-16.0558,-10.1833,710,-26378.1899,6459,1147.3,781.4371,-2.4926,3149,3310,1.5504,582.5437,564.7563,3.051,1.0455,0.7071,210.926,2.5034,1.3164,382.3905,4.5384,2.7236
"67","jtUofu61oIiVfsJebzAr","10/3/2023",16:19:02,"MBB13","Countermovement Jump",NA,NA,1052.189,0.3687,288.4889,-0.2368,16272,-13042.2833,3089,293.5784,2047.064,194.5529,3089,293.5784,2537.8711,241.1992,3209,304.9832,0.335,51.2232,0.125,19.1131,0.194,29.6636,0.562,0.654,123.3344,289.7408,748.7235,413.0752,2.3492,-0.7811,-1.1522,1.7446,2.6897,2.8014,-1391.4128,-12.9727,-1783.6729,-16.6299,3842.6768,35.8269,59.0586,6334.4325,-7.9961,1421,1668,-11.6151,904.648,1142.416,-4.7678,1528,1681,-3.1382,1229.1134,1308.7577,-9.2429,7384,8888,-20.8279,-6.1243,NA,-26745.3946,9385,1306.9649,891.95,-22.6851,3628,5757,8.0808,706.2891,600.6759,NA,0.8593,0.5638,254.858,2.3761,1.1499,493.8655,4.6045,2.7014
"68","bvqq6njkMMvbp279mCQy","10/3/2023",16:18:50,"MBB13","Countermovement Jump",NA,NA,1052.683,0.3475,280.1898,-0.2481,9883.871,-10456.0597,2594,246.418,1783.8,169.4527,2587,245.753,2313.3543,219.7579,2883,273.8716,0.468,55.3191,0.155,18.3215,0.223,26.3593,0.543,0.846,112.5516,282.4107,792.8765,394.9623,2.5092,-0.7329,-1.06,1.6912,2.6111,2.7726,-1160.3793,-10.8136,-1477.0895,-13.7651,3426.7136,31.9337,56.5121,6064.1512,-11.0939,1150,1437,-11.5574,788.8194,994.9806,-2.5321,1405,1478,-7.0207,1075.4709,1237.8834,-21.671,3870.9677,6012.9032,-20.6756,-13.134,1000,-29235.3355,6595,1343.928,626.4944,-6.1713,3094,3501,-22.1762,522.948,820.98,-36.3184,0.6418,0.4108,275.7175,2.5694,1.0489,517.159,4.8194,2.6318
"69","zDxgdK10uR6oMiAUPHhN","9/25/2023",17:13:34,"MBB13","Countermovement Jump",NA,NA,1046.72,0.3811,291.7461,-0.2462,16393.1624,-12061.9071,2970,283.7435,2174.9487,207.7871,2974,284.1256,2435.3857,232.6683,2969,283.648,0.3,47.8469,0.117,18.6603,0.21,33.4928,0.568,0.627,131.0288,293.0848,766.391,424.1136,2.2368,-0.796,-1.2311,1.7437,2.7343,2.8533,-1524.3512,-14.2864,-1936.1292,-18.1457,3731.1916,34.9692,58.8107,6275.0572,-14.1896,1276,1698,-22.1335,846.7778,1328.1709,-13.1694,1289,1680,-5.7789,1147.3238,1288.0619,-11.7831,7230.7692,9162.3932,-36.2932,-10.9651,740,-24699.5623,7384,1452.5838,705.4418,-2.1939,3611,3773,0.1027,727.0378,725.5459,0.2062,0.9059,0.6077,253.495,2.3758,1.228,512.896,4.8069,2.7468
"70","n36ezw6CP5JkYw2vXs70","9/25/2023",17:13:20,"MBB13","Countermovement Jump",NA,NA,1046.938,0.3861,293.7315,-0.2554,11278.9116,-10497.1911,2681,256.0801,1948.9524,186.1574,2681,256.0801,2399.9908,229.2391,2873,274.4193,0.312,46.1538,0.147,21.7456,0.217,32.1006,0.559,0.676,131.7411,294.9335,807.76,426.6746,2.2387,-0.8153,-1.2366,1.7047,2.7523,2.8639,-1408.5667,-13.1985,-1837.6955,-17.2195,3654.0219,34.2389,59.0277,6299.526,-12.5699,1172,1509,-20.297,776.6871,1172.2653,-5.1166,1363,1510,-6.0096,1127.8802,1272.1106,-12.4246,4938.7755,6340.1361,-33.7673,-11.3647,770,-41596.2095,6897,1423.974,658.7783,-3.6683,3322,3575,-7.9673,655.261,768.713,-14.7673,0.8269,0.5712,285.641,2.6765,1.2344,522.119,4.8924,2.7636
"71","QHNA2aKgnpsb9fjwe6pc","9/18/2023",17:14:16,"MBB13","Countermovement Jump",NA,NA,1038.443,0.3779,288.2211,-0.2752,13950.8197,-9977.9021,2746,264.4344,2044.0984,196.8426,2746,264.4344,2291.8391,220.6996,2761,265.8788,0.49,58.1948,0.122,14.4893,0.23,27.3159,0.546,0.842,121.8325,289.6346,776.999,411.4671,2.3773,-0.7613,-1.1548,1.7071,2.7228,2.8455,-1369.1626,-12.9343,-1863.3962,-17.6032,3484.7626,32.92,56.5083,5981.7208,-6.992,1277,1469,-17.967,838.418,1205.6803,-6.121,1296,1465,-5.5549,1082.2652,1209.5739,9.2832,7622.9508,6327.8689,-30.5942,-10.5255,640,-47749.8322,6364,1454.2047,612.8406,-15.5248,2688,3676,-43.4534,411.1516,1043.0531,-60.5926,0.6485,0.4488,248.5225,2.3478,1.1509,528.4765,4.9924,2.7361
"72","RvWIJiGFFTvKFmI1yB0p","9/18/2023",17:14:03,"MBB13","Countermovement Jump",NA,NA,1038.054,0.3902,292.7649,-0.2209,18186.4407,-14406.16,3182,306.5351,1853.1525,178.5218,3182,306.5351,2601.2781,250.5918,3433,330.715,0.445,59.3333,0.118,15.7333,0.187,24.9333,0.56,0.75,95.1071,293.8964,705.61,389.0035,3.0902,-0.6626,-0.8999,1.8046,2.7667,2.8756,-1050.9008,-9.9314,-1363.7184,-12.8877,4046.6644,38.2425,61.9577,6556.1111,-7.2282,1476,1706,-21.2098,730.0508,1123.1017,-1.5438,1690,1743,-1.9347,1275.4759,1325.8021,-3.9143,8737.2881,9449.1525,-35.1122,-3.833,610,-57311.9838,6892,1512.718,663.9346,6.9936,3687,3205,22.9865,930.2197,582.4984,37.3726,0.7467,0.5202,217.5975,2.0564,0.8988,488.0125,4.6119,2.7774
"73","zTWkBvrg3JNSrcj311or","10/3/2023",16:23:08,"MBB14","Countermovement Jump",NA,NA,798.848,0.3781,221.7948,-0.1905,12235.2941,-11944.47,2276,284.9103,1485.0252,185.8958,2256,282.4067,2094.5523,262.1966,2614,327.2212,0.253,46.5074,0.119,21.875,0.172,31.6176,0.551,0.544,80.9211,223.9751,537.361,304.8962,2.7678,-0.6705,-1.0109,1.6967,2.7237,2.8107,-885.2978,-10.8716,-1166.4362,-14.3241,3117.7967,38.2871,63.476,5168.9764,-2.6596,1098,1158,-8.5458,679.0588,805.9664,-1.1477,1292,1322,-0.3478,1043.6337,1050.9186,4.8077,6411.7647,5823.5294,-15.8393,-0.7054,520,-54141.6805,6563,1218.8096,821.558,-9.4317,2972,3591,-6.93,567.1731,651.6365,-12.9718,1.0129,0.695,175.984,2.1611,0.9937,361.377,4.4378,2.7505
"74","yCwmFRxrBKDZIKcHzKya","10/3/2023",16:22:58,"MBB14","Countermovement Jump",NA,NA,798.646,0.3624,217.0811,-0.1808,10542.3729,-11275.99,2039,255.3071,1451.3559,181.7271,2039,255.3071,2092.6012,262.0186,2695,337.4461,0.255,47.1349,0.118,21.8115,0.168,31.0536,0.539,0.541,76.3928,218.389,523.1945,294.7817,2.8588,-0.6185,-0.945,1.6458,2.6665,2.7619,-802.0275,-9.8515,-1067.5791,-13.1134,3043.3833,37.3828,64.8736,5281.4544,-13.8794,878,1161,-14.0675,623.5932,827.7627,-3.0798,1306,1389,-5.1437,992.4821,1100.119,-12.701,4601.6949,5940.678,-24.6726,-9.8143,NA,-43070.2295,5363,971.9351,671.5115,-22.0585,2090,3273,-30.9088,335.7607,636.1744,NA,0.9963,0.6698,170.633,2.0959,0.9384,352.5615,4.3306,2.6825
"75","OpRAb9aXAbmm0H25rr59","9/25/2023",17:17:40,"MBB14","Countermovement Jump",NA,NA,786.503,0.4038,225.6759,-0.2052,11452.381,-10865.3733,2230,283.5336,1426.7381,181.4028,2230,283.5336,2099.0814,266.8879,2585,328.6701,0.283,48.7091,0.126,21.6867,0.172,29.6041,0.572,0.581,79.9426,226.855,541.1755,306.7976,2.8377,-0.6747,-1.0025,1.7363,2.8148,2.9007,-850.3386,-10.6062,-1121.0383,-13.9826,3218.5482,40.1447,67.6438,5423.244,-5.1121,1058,1172,-12.6935,622.8175,803.9206,-3.2108,1251,1334,-1.0237,1038.7965,1060.2849,4.6431,5992.0635,5460.3175,-22.6367,-2.0642,640,-39497.2267,5801,1137.5406,737.5687,-0.1207,2897,2904,14.1693,649.3609,488.1797,24.8144,0.9845,0.6951,179.042,2.2332,0.9971,362.1335,4.5169,2.8295
"76","SuT2mv5g91fQeHugndCX","9/25/2023",17:17:17,"MBB14","Countermovement Jump",NA,NA,786.599,0.3923,222.4644,-0.1608,13542.3729,-15026.0057,2416,307.1451,1334.3814,169.6393,2384,303.0769,2295.5203,291.8285,2974,378.0834,0.269,50.2804,0.118,22.0561,0.148,27.6636,0.56,0.535,63.8368,224.4863,497.5585,288.3232,3.5166,-0.5861,-0.812,1.7401,2.7744,2.8508,-685.0504,-8.5435,-818.9169,-10.213,3461.1506,43.1654,71.9605,5770.0332,-3.5235,1150,1234,-15.7306,562.2373,772.1441,-2.6227,1448,1526,-1.9665,1125.1892,1170.3311,4.7559,7093.2203,6449.1525,-27.3398,-3.8634,1750,-67005.8768,5935,913.0366,754.5141,-7.4642,2746,3189,0.8487,460.3926,452.644,1.7248,1.0467,0.7333,156.6555,1.9537,0.7961,340.903,4.2515,2.7997
"77","MeIgqQCTvYnywFXimz7V","9/18/2023",17:18:04,"MBB14","Countermovement Jump",NA,NA,778.184,0.3971,221.4274,-0.2003,13707.5472,-11169.3985,2237,287.4641,1592.2547,204.6116,2227,286.1791,2060.5376,264.788,2523,324.2164,0.274,49.5479,0.106,19.1682,0.173,31.2839,0.564,0.553,85.5575,222.9437,525.6145,308.5012,2.6058,-0.7065,-1.0883,1.7135,2.7914,2.8796,-992.9781,-12.5178,-1365.5129,-17.214,3125.9245,39.4063,67.2779,5336.8575,-1.6614,1095,1132,-7.588,735.717,856.5377,-0.3567,1257,1266,-0.5131,1024.9827,1035.5549,5.2994,7216.9811,6490.566,-14.1999,-1.0231,390,-46448.6924,6075,1339.8718,780.6637,-12.3292,2663,3412,-22.3982,519.8821,819.9897,-36.5938,1.0199,0.7181,168.045,2.1184,1.0786,357.5695,4.5076,2.8105
"78","r3MjK02u5Huln7XcOlHZ","9/18/2023",17:17:54,"MBB14","Countermovement Jump",NA,NA,778.538,0.4055,223.8491,-0.1911,10396.5517,-10454.3355,1998,256.6349,1467.1379,188.4478,1989,255.4789,2053.3409,263.7432,2576,330.8766,0.322,52.443,0.116,18.8925,0.176,28.6645,0.573,0.614,79.2681,225.3393,531.9405,304.6074,2.8427,-0.643,-1.0082,1.698,2.8206,2.9091,-848.2979,-10.689,-1163.3114,-14.6584,3121.7985,39.3364,68.7529,5456.3466,-2.6647,968,1021,-9.2133,665.9828,801.1552,0.4658,1294,1282,0.3758,1030.5284,1022.8125,3.6484,5387.931,5008.6207,-16.948,0.7254,420,-54950.4129,5614,1314.619,721.0952,2.1019,2866,2748,-14.2917,563.369,751.25,-25.0138,0.9332,0.6604,169.5785,2.1368,0.9988,362.362,4.566,2.8394
