TestId,Date,Time,Athlete Code,Type,Excluded,Tags,System Weight,Jump Height,Jump Momentum,Countermovement Depth,Braking RFD,Stiffness,Force at Min Displacement,Relative Force at Min Displacement,Avg. Braking Force,Avg. Relative Braking Force,Peak Braking Force,Peak Relative Braking Force,Avg. Propulsive Force,Avg. Relative Propulsive Force,Peak Propulsive Force,Peak Relative Propulsive Force,Unweighting Phase,Unweighting Phase %,Braking Phase,Braking Phase %,Propulsive Phase,Propulsive Phase %,Flight Time,Time To Takeoff,Braking Net Impulse,Propulsive Net Impulse,Positive Impulse,Positive Net Impulse,Impulse Ratio,Avg. Braking Velocity,Peak Braking Velocity,Avg. Propulsive Velocity,Takeoff Velocity,Peak Velocity,Avg. Braking Power,Avg. Relative Braking Power,Peak Braking Power,Peak Relative Braking Power,Avg. Propulsive Power,Avg. Relative Propulsive Power,Peak Relative Propulsive Power,Peak Propulsive Power,L|R Peak Braking Force,Left Force at Peak Braking Force,Right Force at Peak Braking Force,L|R Avg. Braking Force,Left Avg. Braking Force,Right Avg. Braking Force,L|R Peak Propulsive Force,Left Force at Peak Propulsive Force,Right Force at Peak Propulsive Force,L|R Avg. Propulsive Force,Left Avg. Propulsive Force,Right Avg. Propulsive Force,L|R Avg. Braking RFD,Left Avg. Braking RFD,Right Avg. Braking RFD,L|R Braking Impulse Index,L|R Propulsive Impulse Index,Time to Stabilization,Landing Stiffness,Peak Landing Force,Avg. Landing Force,Relative Peak Landing Force,L|R Peak Landing Force,Left Force at Peak Landing Force,Right Force at Peak Landing Force,L|R Avg. Landing Force,Left Avg. Landing Force,Right Avg. Landing Force,L|R Landing Impulse Index,RSI,mRSI,Braking Impulse,Relative Braking Impulse,Relative Braking Net Impulse,Propulsive Impulse,Relative Propulsive Impulse,Relative Propulsive Net Impulse
Ti1Lple6GJJT3E15AwvA,10/9/2023,18:28:27,VB001,Countermovement Jump,,,759.672,0.2368,166.9331,-0.2646,4277.4566,-5661.3364,1498,197.1904,1195.4277,157.361,1498,197.1904,1345.4755,177.1127,1553,204.4303,0.309,40.2344,0.173,22.526,0.286,37.2396,0.454,0.768,75.0127,168.2753,591.9775,243.2881,2.2433,-0.6339,-0.9765,1.3289,2.1557,2.318,-694.9637,-8.9744,-938.6982,-12.1218,1641.4078,21.1963,39.4229,3052.8509,-3.2043,725,773,-8.8134,545.0347,650.3931,-2.2537,759,794,-4.7369,640.8706,704.6049,8.9189,2329.4798,1947.9769,-16.2523,-9.0339,N/A,-10393.6517,3283,1016.8103,432.1602,-7.7064,1515,1768,-6.5216,475.249,541.5613,N/A,0.5911,0.3084,206.436,2.6658,0.9687,385.5415,4.9787,2.173
FjMSExJBt1BjDK4PzlxC,10/9/2023,18:28:18,VB001,Countermovement Jump,,,760.521,0.2386,167.7496,-0.2287,5264.1509,-6990.7945,1599,210.2506,1207.2075,158.7343,1596,209.8561,1414.7121,186.0188,1664,218.7974,0.339,44.9007,0.159,21.0596,0.257,34.0397,0.452,0.755,70.6017,168.9086,555.887,239.5103,2.3924,-0.6078,-0.9163,1.3787,2.1638,2.33,-666.9217,-8.6027,-872.4242,-11.2534,1757.8399,22.6745,40.5509,3143.7086,-4.8872,759,837,-5.3578,571.2642,635.9434,-4.3269,796,868,-6.5606,660.9494,753.7626,-0.3584,2622.6415,2641.5094,-10.1895,-12.2994,N/A,-16394.8255,3857,891.9934,507.1523,-11.9004,1699,2158,-3.5143,430.3231,461.6703,N/A,0.5987,0.3161,191.5245,2.4705,0.9107,364.3625,4.6999,2.1788
izT6pipqgDtttYLQKTYn,10/4/2023,18:29:38,VB001,Countermovement Jump,,,756.168,0.2424,168.1036,-0.2399,4738.3721,-6564.6642,1575,208.287,1197.5,158.3643,1573,208.0226,1406.8301,186.0473,1641,217.0153,0.29,40.2219,0.172,23.8558,0.259,35.9223,0.456,0.721,75.4986,169.291,570.698,244.7896,2.2423,-0.6487,-0.9854,1.3703,2.1809,2.3384,-708.1531,-9.1871,-941.5906,-12.2155,1747.0507,22.665,40.9486,3156.3707,-5.2765,745,828,-5.7096,564.564,632.936,-2.3766,801,840,-5.8948,661.9498,744.8803,-11.9018,2087.2093,2651.1628,-10.7797,-11.1232,N/A,-11681.1285,3220,930.0418,425.8313,-20.6832,1277,1943,-24.2873,352.0798,577.962,N/A,0.6325,0.3362,205.5595,2.6668,0.9795,365.1385,4.7371,2.1963
AWHHJKUgr9K2CKhGuvTn,10/4/2023,18:29:32,VB001,Countermovement Jump,,,757.011,0.2369,166.3786,-0.2508,3606.7961,-6004.7725,1506,198.9403,1109.8398,146.6081,1502,198.4119,1377.855,182.0125,1626,214.7921,0.292,38.0704,0.206,26.8579,0.269,35.0717,0.45,0.767,72.3082,167.745,599.6335,240.0533,2.3199,-0.6407,-0.9452,1.3464,2.1561,2.3271,-652.3434,-8.4536,-823.9852,-10.6779,1689.0114,21.8877,40.6307,3135.3632,-6.3915,703,799,-9.5785,501.767,608.0728,-3.075,788,838,-7.2979,638.6506,739.2045,-7.4024,1669.9029,1936.8932,-17.4885,-13.5942,930,-9071.1484,2345,940.3763,309.7709,-27.1642,854,1491,-4.338,449.7914,490.5849,-8.319,0.5867,0.3089,228.2525,2.9579,0.937,371.381,4.8127,2.1738
vo1zXSJhZG7tuYB0WwXm,10/2/2023,18:32:08,VB001,Countermovement Jump,,,762.028,0.2472,171.0717,-0.2616,3843.75,-5736.7238,1501,196.9744,1147.9427,150.6431,1499,196.7119,1362.0804,178.7441,1542,202.3548,0.337,41.3497,0.192,23.5583,0.286,35.092,0.455,0.815,73.7256,172.35,610.325,246.0756,2.3377,-0.6371,-0.9561,1.3579,2.2023,2.353,-670.3896,-8.6303,-865.6103,-11.1435,1696.3025,21.8374,39.5933,3075.552,-8.8726,683,816,-12.3523,503.0729,644.8698,-4.1505,739,803,-5.9527,640.5,721.5804,-14.3631,1645.8333,2197.9167,-21.9825,-11.2403,1000,-9569.7829,3250,938.653,426.4935,-11.7538,1434,1816,-4.4512,448.436,490.217,-8.527,0.5583,0.3033,220.035,2.8326,0.9491,390.29,5.0244,2.2188
ABbyNFMWnx2WwQSnzDRn,10/2/2023,18:31:59,VB001,Countermovement Jump,,,762.788,0.2378,167.9473,-0.2678,3159.8174,-5430.1681,1454,190.6165,1089.0868,142.7771,1454,190.6165,1334.9524,175.0096,1528,200.3178,0.345,40.2098,0.219,25.5245,0.294,34.2657,0.442,0.858,71.1139,168.9268,631.351,240.0408,2.3754,-0.6354,-0.9177,1.2998,2.1599,2.3054,-634.2085,-8.1564,-792.8326,-10.1964,1611.1096,20.72,38.8061,3017.4101,-4.9519,691,763,-6.2865,510.3105,578.7763,-4.4503,730,798,-4.8686,634.9796,699.9728,-2.6012,1538.8128,1621.0046,-11.8385,-9.2781,N/A,-7008.9554,3764,847.5438,493.453,6.3231,2001,1763,2.9709,436.3616,411.1823,N/A,0.5152,0.2771,238.1645,3.063,0.9146,393.1865,5.0567,2.1725
5gI0vCVtTaUBJP3oM3SZ,9/18/2023,18:34:07,VB001,Countermovement Jump,,,737.926,0.242,163.9125,-0.2312,4422.8571,-6534.8786,1511,204.7631,1139.4629,154.4142,1511,204.7631,1359.6629,184.2546,1610,218.1791,0.373,45.936,0.175,21.5517,0.264,32.5123,0.45,0.812,69.8799,164.877,558.7065,234.757,2.3594,-0.6481,-0.9324,1.3591,2.1791,2.3497,-665.088,-8.8417,-868.8158,-11.5501,1682.363,22.3654,41.6962,3136.465,-11.9788,665,846,-16.4589,475.96,663.5029,-5.3416,762,848,-9.2433,616.9924,742.6705,-9.3023,2005.7143,2417.1429,-28.2856,-16.9268,N/A,-14937.1055,3965,1130.7761,537.3167,-20.0504,1585,2380,-20.4349,449.8514,680.9246,N/A,0.5542,0.298,199.017,2.6457,0.929,359.6895,4.7817,2.1919
9OjoaM5nWLCNDFA8EcaT,9/18/2023,18:34:01,VB001,Countermovement Jump,,,737.92,0.2545,168.1026,-0.2639,3434.3434,-5373.3823,1418,192.1618,1081.7172,146.59,1418,192.1618,1330.7958,180.3442,1534,207.8816,0.348,41.9277,0.198,23.8554,0.284,34.2169,0.458,0.83,67.7308,169.0717,592.48,236.8026,2.4962,-0.6238,-0.9038,1.3179,2.2348,2.3569,-615.4779,-8.1822,-782.6563,-10.4047,1636.7832,21.7596,40.6504,3057.7719,-6.347,664,754,-8.8916,492.7677,588.9495,-5.2151,727,807,-4.2466,637.1408,693.6549,-2.6471,1671.7172,1762.6263,-16.3471,-8.1519,N/A,-13115.9138,2815,943.7476,381.4777,8.9876,1534,1281,11.5789,526.5114,417.2361,N/A,0.5518,0.3067,213.839,2.8428,0.9004,378.641,5.0337,2.2477
PJfuZwedegMadr9o9j8u,10/9/2023,18:29:40,VB002,Countermovement Jump,,,603.627,0.26,138.9705,-0.337,4451.8072,-3979.0786,1341,222.1571,1014.5,168.0674,1344,222.6541,1056.5747,175.0377,1341,222.1571,0.38,44.4965,0.166,19.4379,0.308,36.0656,0.476,0.854,67.8349,140.1659,494.12,208.0008,2.0663,-0.7521,-1.1124,1.3536,2.2585,2.3661,-683.3214,-11.1052,-906.2344,-14.7279,1328.7289,21.5942,40.3302,2481.5917,-5.6548,634,710,-3.9446,487.241,527.259,-6.3386,628,713,-3.909,507.6364,548.9383,-6.0893,2090.3614,2361.4458,-7.5817,-7.5378,N/A,-4636.4765,2274,742.2403,376.7227,1.3193,1152,1122,1.0764,375.1149,367.1254,N/A,0.5574,0.3044,168.037,2.7309,1.1024,326.083,5.2994,2.2779
SPyD58slNgw4UFlGzgD0,10/9/2023,18:29:33,VB002,Countermovement Jump,,,603.615,0.2631,139.7885,-0.3371,3445.0549,-3648.9348,1230,203.7723,990.1813,164.0419,1242,205.7603,1029.8384,170.6118,1237,204.932,0.373,42.2424,0.182,20.6116,0.328,37.1461,0.478,0.883,70.0401,140.3973,518.281,210.4373,2.0045,-0.7446,-1.1389,1.2778,2.2719,2.3752,-668.7007,-10.8678,-910.0918,-14.7909,1257.4456,20.4361,41.9684,2582.3422,-4.1868,595,647,-0.864,490.8132,499.3681,-3.6378,596,641,-4.049,494.0701,535.7683,-13.5566,1489.011,1956.044,-1.6691,-7.7883,N/A,-4559.3069,1838,738.9759,304.4987,-6.8553,856,982,5.0485,388.1417,350.8342,N/A,0.5413,0.2979,179.898,2.9237,1.1383,338.383,5.4994,2.2817
PFjNQA8ZCWkoDqNlTNoG,10/4/2023,18:32:23,VB002,Countermovement Jump,,,607.176,0.2513,137.4202,-0.3112,4421.6867,-4306.4217,1340,220.6938,1020.8554,168.1317,1341,220.8585,1067.22,175.7678,1340,220.6938,0.396,45.9397,0.166,19.2575,0.3,34.8028,0.463,0.862,68.3018,138.6687,489.9145,206.9705,2.0302,-0.7493,-1.1143,1.3376,2.2203,2.3522,-686.4289,-11.0905,-904.459,-14.6131,1322.845,21.3729,41.2746,2554.6335,-3.0574,650,691,-1.4458,503.0482,517.8072,-3.1343,649,691,-3.3114,515.94,551.28,-4.9046,2102.4096,2319.2771,-2.8357,-6.4092,1010,-4630.5208,2044,748.4356,336.6404,-0.5871,1016,1028,5.254,393.8792,354.5564,9.9862,0.5371,0.2915,169.093,2.732,1.1035,320.8215,5.1834,2.2404
tcMV3HP0hEveWrhbjJuf,10/4/2023,18:32:15,VB002,Countermovement Jump,,,608.046,0.2408,134.7199,-0.2892,3745.7627,-4401.3716,1273,209.3592,963.6045,158.4756,1273,209.3592,1084.1908,178.3074,1272,209.1947,0.401,46.5738,0.177,20.5575,0.283,32.8688,0.467,0.861,62.6004,135.372,477.6735,197.9723,2.1625,-0.6923,-1.0111,1.3109,2.1735,2.3175,-599.9222,-9.6789,-775.1982,-12.5068,1316.6724,21.2427,41.1386,2549.8656,-1.0212,630,643,-1.5162,474.4972,489.1073,-1.4151,627,645,-3.1431,525.0565,559.1343,-5.279,1774.0113,1971.7514,-2.9729,-6.0895,850,-4898.2608,2238,781.8271,368.0643,-10.6345,1000,1238,-2.7424,380.1929,401.6341,-5.3421,0.5424,0.2797,170.2245,2.7463,1.01,307.449,4.9603,2.184
LkoLHOOSfikPRX0N2lMu,10/2/2023,18:33:10,VB002,Countermovement Jump,,,610.513,0.253,138.661,-0.3371,3121.9512,-3710.9032,1251,204.9096,938.2244,153.678,1252,205.0734,1045.1317,171.1891,1251,204.9096,0.396,43.0435,0.205,22.2826,0.319,34.6739,0.468,0.92,66.8598,139.2539,526.0225,206.1137,2.0828,-0.7404,-1.0745,1.2978,2.2281,2.3379,-627.2506,-10.0789,-810.6565,-13.026,1278.6487,20.5459,40.3545,2511.4093,-1.9169,614,638,-4.1573,449.6098,488.6146,-1.6787,615,636,0.0645,522.9028,522.2288,6.25,1658.5366,1463.4146,-8.0157,0.1134,N/A,-5809.2862,2205,795.5711,361.1717,2.8571,1134,1071,1.7413,404.712,390.8591,N/A,0.5087,0.275,192.015,3.0854,1.0743,334.0075,5.367,2.2376
jmBNe0m73olni9LTbcwN,10/2/2023,18:33:02,VB002,Countermovement Jump,,,612.498,0.2596,140.9208,-0.3286,2985.2217,-3700.7722,1216,198.5313,927.4335,151.4182,1219,199.0211,1055.6614,172.3535,1248,203.7558,0.423,44.7619,0.203,21.4815,0.319,33.7566,0.471,0.945,63.6284,141.9611,525.3135,205.5895,2.2311,-0.7039,-1.0264,1.2811,2.257,2.368,-593.1487,-9.5001,-762.32,-12.2096,1285.319,20.5862,41.7297,2605.4385,-3.1993,590,629,-2.1252,453.8621,473.5714,-1.4423,615,633,-1.2157,521.4138,534.2476,0.6601,1502.4631,1482.7586,-4.171,-2.4108,920,-5191.1278,2408,770.5848,393.1441,-16.8605,1001,1407,-5.7966,362.9587,407.6261,-10.9624,0.4984,0.2748,187.9655,3.0105,1.0191,337.348,5.4031,2.2737
va34W38dDPxBEmlj2LZH,9/18/2023,18:32:49,VB002,Countermovement Jump,,,604.266,0.2432,134.547,-0.3035,3725.7143,-4138.0621,1256,207.8555,1005.8686,166.4612,1267,209.6759,1062.3741,175.8123,1257,208.021,0.408,46.5222,0.175,19.9544,0.294,33.5234,0.456,0.877,69.9509,135.2973,488.649,205.2482,1.9342,-0.7413,-1.1385,1.2965,2.1843,2.315,-676.0543,-10.9755,-900.6312,-14.6214,1285.4193,20.8682,40.4444,2491.2499,-3.3938,612,655,-4.8589,478.4971,527.3714,-3.7391,605,652,-1.8371,521.4286,540.9456,2.7607,1914.2857,1811.4286,-9.2939,-3.6216,N/A,-4843.8539,2554,756.1168,422.6615,-5.325,1209,1345,-8.5586,345.702,410.4148,N/A,0.52,0.2773,175.6975,2.8524,1.1356,312.9515,5.0806,2.1965
4nA7pP1JkGk6lIysALiB,9/18/2023,18:32:43,VB002,Countermovement Jump,,,607.076,0.218,127.9923,-0.2579,3917.1598,-4928.469,1271,209.3642,950.6154,156.5892,1271,209.3642,1128.1911,185.8402,1320,217.4357,0.366,46.863,0.169,21.6389,0.246,31.4981,0.432,0.781,57.7247,128.8158,438.477,186.5405,2.2316,-0.6299,-0.9367,1.2669,2.0683,2.2101,-543.0288,-8.775,-688.1857,-11.1207,1309.603,21.1624,39.6076,2451.0496,-7.0024,591,680,-6.2968,445.3787,505.2367,-0.9091,654,666,-2.2934,551.1585,577.0325,-7.855,1804.7337,2112.426,-11.8425,-4.5082,N/A,-3986.1205,1780,725.7968,293.2088,5.3933,938,842,-1.6704,356.8367,368.9601,N/A,0.5531,0.2792,160.3205,2.5907,0.9328,278.1565,4.4948,2.0816
Gs5OZc7sb6oZyhs0AXFF,10/9/2023,18:29:24,VB003,Countermovement Jump,,,677.745,0.3318,176.2743,-0.2405,9049.1803,-7395.9163,1779,262.4881,1383.9672,204.2018,1779,262.4881,1488.8624,219.6788,1783,263.0783,0.306,47.3684,0.122,18.8854,0.218,33.7461,0.515,0.646,85.5991,177.6921,493.7245,263.2912,2.0759,-0.7926,-1.2503,1.5844,2.5515,2.647,-979.8054,-14.1822,-1329.3554,-19.2417,2109.2258,30.5299,51.401,3551.1466,7.8134,959,820,3.9066,719.0164,664.9508,7.5715,959,824,3.3878,769.6514,719.211,14.4928,5180.3279,3868.8525,7.4554,6.5802,N/A,-12417.1218,2858,912.4932,421.6925,10.2169,1575,1283,6.8714,487.597,424.8962,N/A,0.7972,0.5136,168.284,2.4358,1.239,325.4405,4.7106,2.572
i6Z9fTOKko6RQannHg1p,10/9/2023,18:29:18,VB003,Countermovement Jump,,,676.893,0.3412,178.5343,-0.2488,8146.1538,-6986.3185,1738,256.7614,1322.0385,195.3098,1738,256.7614,1477.3722,218.2579,1748,258.2387,0.285,44.6708,0.13,20.3762,0.223,34.953,0.519,0.638,83.3324,179.3629,501.6385,262.6953,2.1524,-0.7725,-1.2102,1.5841,2.5874,2.6835,-911.6258,-13.2119,-1242.7472,-18.0107,2111.9104,30.6073,52.3241,3610.3807,10.5869,961,777,11.5771,737.5462,584.4923,9.8398,960,788,4.791,774.0762,703.296,10.2927,4492.3077,3653.8462,20.757,9.1708,N/A,-12107.3154,2377,848.4706,351.1633,14.6824,1363,1014,0.7377,427.365,421.1057,N/A,0.8135,0.5348,171.3285,2.483,1.2077,330.31,4.7871,2.5995
ilTtYZuJuS97UULAvzTg,10/4/2023,18:30:55,VB003,Countermovement Jump,,,671.42,0.354,180.3864,-0.2642,8093.75,-6463.8144,1708,254.3862,1328.0625,197.7991,1708,254.3862,1461.524,217.6766,1718,255.8756,0.304,45.9909,0.128,19.3646,0.229,34.6445,0.537,0.661,83.5282,181.7628,504.988,265.2911,2.1761,-0.7951,-1.2313,1.6117,2.6356,2.7367,-939.1479,-13.7217,-1309.0459,-19.1262,2123.9342,31.0324,53.6885,3674.5667,10.6557,945,763,10.464,733.5156,594.5469,10.1281,946,772,6.5228,778.4279,683.0961,16.6023,4718.75,3375,18.9143,12.2525,1040,-7652.0159,2673,842.6404,398.1115,33.1837,1780,893,-0.9629,417.2635,425.3769,-1.9028,0.8124,0.5356,169.47,2.4761,1.2204,335.518,4.9022,2.6557
CRu4aThlTXSOt7gbIFeN,10/4/2023,18:30:47,VB003,Countermovement Jump,,,671.253,0.3542,180.3926,-0.2515,7893.9394,-6822.1005,1716,255.6413,1284.6136,191.3755,1714,255.3434,1482.8072,220.9014,1731,257.8759,0.291,45.0464,0.132,20.4334,0.223,34.5201,0.532,0.646,80.4376,181.8201,500.5525,262.2577,2.2604,-0.7794,-1.187,1.6286,2.6363,2.7507,-888.3474,-12.9827,-1209.7783,-17.6803,2163.3881,31.6167,55.5311,3799.734,9.6849,940,774,5.9734,680.6742,603.9394,9.301,946,785,3.1724,764.9238,717.8834,22.2649,4825.7576,3068.1818,11.1842,6.1881,1020,-9037.4489,2496,845.2176,371.8419,4.3269,1302,1194,-5.4083,399.7529,445.4647,-10.2558,0.8235,0.5484,169.043,2.4705,1.1756,331.5095,4.8448,2.6572
zJ740TSJETzMCgXRpLPD,10/2/2023,18:31:46,VB003,Countermovement Jump,,,671.298,0.3255,172.9222,-0.2506,8545.4545,-6832.5751,1712,255.0283,1343.7273,200.1685,1713,255.1773,1438.7389,214.3219,1718,255.9221,0.353,50.4286,0.121,17.2857,0.226,32.2857,0.511,0.7,80.8419,174.2787,488.061,255.1206,2.1558,-0.7652,-1.1918,1.571,2.527,2.6361,-915.3557,-13.3765,-1285.6551,-18.7879,2025.0529,29.5931,50.9931,3489.4539,9.1652,935,778,6.7562,717.2562,626.4711,9.3132,939,779,5.573,759.4602,679.2788,18.9555,5082.6446,3462.8099,12.5882,10.5799,N/A,-10162.4379,2581,815.0459,384.479,16.234,1500,1081,0.0845,407.8675,407.1784,N/A,0.73,0.465,162.069,2.3684,1.1814,325.992,4.7639,2.5468
OdOn6gXtx9haO2Kya1T2,10/2/2023,18:31:40,VB003,Countermovement Jump,,,666.37,0.3542,179.075,-0.2415,9379.3103,-7257.4877,1753,263.0671,1367.2672,205.1814,1753,263.0671,1490.7018,223.7048,1774,266.2185,0.308,47.9751,0.116,18.0685,0.218,33.9564,0.521,0.642,80.7541,180.5648,483.8865,261.3189,2.236,-0.7687,-1.2014,1.6343,2.6363,2.7397,-934.8505,-13.7624,-1324.9196,-19.5049,2175.7721,32.0307,54.7776,3720.9107,13.6338,996,757,11.8642,764.7414,602.5259,11.7249,991,783,5.4297,785.8211,704.8807,15.625,5422.4138,3956.8966,21.1908,10.3491,N/A,-18019.3421,2677,801.3015,401.7288,15.5024,1546,1131,-6.3036,375.3955,425.906,N/A,0.8115,0.5518,158.053,2.3268,1.1888,325.8335,4.7968,2.6582
q5Cp7UCZdU5pbF5ATh6l,9/18/2023,18:32:30,VB003,Countermovement Jump,,,670.064,0.3503,179.0664,-0.2772,7417.9104,-5989.3159,1660,247.7375,1325.7537,197.8548,1668,248.9314,1405.8893,209.8142,1660,247.7375,0.328,46.4589,0.134,18.9802,0.244,34.5609,0.535,0.706,87.3604,180.3584,521.003,267.7188,2.0645,-0.8217,-1.2885,1.6111,2.6216,2.7369,-973.7109,-14.2555,-1365.6652,-19.9939,2045.0412,29.9402,51.9148,3546.0007,9.5923,914,754,9.1117,723.2761,602.4776,8.7952,903,757,5.4965,741.582,664.3074,12.0724,4156.7164,3261.194,16.6871,10.4328,N/A,-7929.4958,2412,884.3649,359.9656,24.9585,1507,905,7.3077,474.4958,409.8691,N/A,0.7578,0.4962,177.149,2.5935,1.279,343.854,5.0342,2.6405
TfPr1ToSGQSnxNklM7vr,9/18/2023,18:32:24,VB003,Countermovement Jump,,,670.034,0.3317,174.2369,-0.2612,6977.6119,-6145.0378,1605,239.5401,1294.1269,193.1435,1608,239.9878,1393.2355,207.9351,1614,240.8833,0.284,43.0303,0.134,20.303,0.242,36.6667,0.522,0.66,83.1574,175.8008,510.891,258.9582,2.1141,-0.7851,-1.2311,1.5622,2.551,2.6736,-912.2746,-13.3567,-1282.0089,-18.77,1968.4553,28.8202,51.7803,3536.6558,11.194,894,714,7.8547,697.8881,596.2388,3.5936,836,778,4.4035,727.2934,665.9421,16.3636,4059.7015,2917.9104,14.5265,8.4727,N/A,-8121.3369,3005,846.5512,448.4847,10.6156,1662,1343,11.9147,473.7078,372.8434,N/A,0.7909,0.5026,172.942,2.5321,1.2175,337.949,4.9479,2.5739
uRUSswA2wRee9shpfmVW,10/9/2023,18:29:04,VB004,Countermovement Jump,,,704.278,0.3308,182.902,-0.3114,5518.2927,-5166.1657,1609,228.4609,1223.7683,173.7621,1610,228.6029,1405.0115,199.4967,1608,228.3189,0.334,44.0053,0.164,21.6074,0.261,34.3874,0.521,0.759,84.7414,183.6824,567.742,268.4238,2.1676,-0.7856,-1.1817,1.5061,2.5477,2.651,-858.9678,-11.9647,-1134.8983,-15.8082,1956.7853,27.2564,49.1245,3526.7406,0,805,805,1.9024,623.5244,600.2439,0,804,804,-2.7281,683.341,721.6705,-6.5193,2579.2683,2939.0244,3.7699,-5.2867,N/A,-4768.9662,2539,917.6184,360.511,-20.2836,1012,1527,-26.4851,337.2931,580.3253,N/A,0.6864,0.4359,200.243,2.7892,1.1804,367.499,5.119,2.5585
O9zdn3I2vXzsRPpvSRRc,10/9/2023,18:28:58,VB004,Countermovement Jump,,,702.858,0.3268,181.4228,-0.2737,5458.0645,-5663.224,1550,220.5282,1234.9548,175.7047,1550,220.5282,1432.0482,203.7464,1632,232.1948,0.297,42.368,0.155,22.1113,0.249,35.5207,0.511,0.701,82.048,182.3249,548.3275,264.3729,2.2222,-0.7151,-1.1484,1.5315,2.5322,2.6441,-807.4161,-11.2693,-1154.7172,-16.1167,2002.3578,27.9475,49.4535,3543.2027,-1.8065,761,789,4.2086,643.4645,591.4903,-1.7157,802,830,0.2917,718.1124,713.9357,-17.2577,2258.0645,3200,8.164,0.5623,N/A,-5631.1359,2275,837.7952,323.6785,-28.6154,812,1463,-1.3602,413.1995,424.5956,N/A,0.729,0.4662,190.991,2.6657,1.1452,357.3365,4.9875,2.5448
WmjcwjZZbV0sSDQo32JL,10/4/2023,18:27:59,VB004,Countermovement Jump,,,698.015,0.3352,182.4734,-0.2597,6081.0811,-6152.9257,1598,228.9349,1292.4797,185.165,1597,228.7916,1461.125,209.3257,1679,240.5392,0.267,40.7634,0.148,22.5954,0.24,36.6412,0.515,0.655,87.5268,183.9294,542.286,271.4562,2.1014,-0.779,-1.2412,1.5356,2.5645,2.6714,-914.0305,-12.8459,-1285.4951,-18.0665,2050.403,28.8166,51.305,3650.5228,-6.4496,747,850,-0.7397,641.4595,651.0203,-1.0125,831,848,-2.7365,710.5708,750.5542,-12.8889,2648.6486,3432.4324,-1.4111,-5.3453,N/A,-4698.0887,2910,798.3297,416.8965,-11.2715,1291,1619,-11.6137,352.8072,445.5225,N/A,0.7863,0.5118,190.833,2.682,1.2301,351.453,4.9394,2.585
IzhdqT0dk9bM3SjpBTMh,10/4/2023,18:27:52,VB004,Countermovement Jump,,,696.727,0.3323,181.3532,-0.284,4763.6364,-5222.1414,1483,212.8524,1168.6182,167.7297,1486,213.283,1419.1155,203.6832,1644,235.9604,0.352,45.8333,0.165,21.4844,0.251,32.6823,0.514,0.768,77.4655,182.047,549.351,259.5126,2.35,-0.7053,-1.091,1.4935,2.5535,2.6535,-747.5726,-10.5259,-994.8023,-14.0069,1966.5476,27.6892,50.5983,3593.6,-6.0565,698,788,4.9538,613.2545,555.3636,-2.5547,801,843,-4.8305,675.2829,743.8327,-27.9898,1715.1515,3048.4848,9.5627,-9.2282,1020,-5822.5973,2086,873.5588,299.3999,-25.1198,781,1305,-10.9327,389.0275,484.5314,-19.7169,0.6693,0.4327,192.4255,2.7094,1.0907,356.9255,5.0256,2.5632
l1xwF54vQUpaK2eDRTic,10/2/2023,18:28:22,VB004,Countermovement Jump,,,700.48,0.338,183.8819,-0.2873,4467.8363,-5098.8377,1465,209.1423,1158.3743,165.3686,1468,209.5706,1372.5584,195.9454,1585,226.2734,0.385,46.3855,0.171,20.6024,0.274,33.012,0.524,0.83,77.9149,184.864,574.4925,262.7789,2.3726,-0.7052,-1.0956,1.4919,2.5752,2.6894,-744.5536,-10.4272,-999.8316,-14.0023,1912.3274,26.7815,49.9847,3569.1447,-0.4087,731,737,0.4412,581.7427,576.6316,0.9464,800,785,0.9974,693.1241,679.4343,-3.1414,2163.7427,2304.0936,0.8923,1.9591,N/A,-4251.2084,2367,815.8127,337.9111,-9.2522,1074,1293,5.384,429.8679,385.9448,N/A,0.6313,0.4072,197.697,2.7687,1.0912,376.7955,5.2769,2.589
w6KdBGeVQayTEF3ix2uQ,10/2/2023,18:28:11,VB004,Countermovement Jump,,,699.056,0.3467,185.8451,-0.2955,2970,-4375.6507,1293,184.9637,1074.07,153.6458,1315,188.1108,1303.6266,186.4839,1590,227.4496,0.316,38.3495,0.2,24.2718,0.308,37.3786,0.522,0.824,74.7038,186.8353,616.6595,261.5391,2.501,-0.6817,-1.0529,1.3975,2.608,2.7059,-674.0063,-9.4585,-902.7954,-12.6691,1766.6335,24.7915,50.7741,3618.1369,1.9011,670,645,3.6888,556.845,517.225,-2.6415,774,816,-1.506,641.9968,661.6299,-3.367,1435,1535,7.1333,-2.9703,N/A,-6173.3954,2421,838.7218,346.3242,-8.7154,1105,1316,-0.601,416.8406,421.8812,N/A,0.6335,0.4207,214.515,3.0103,1.0483,402.1445,5.6434,2.6219
bkFohl2oglYHVcAmdes8,9/18/2023,18:31:41,VB004,Countermovement Jump,,,699.079,0.321,178.838,-0.2931,4238.8889,-4990.9333,1463,209.2753,1136.1556,162.5218,1461,208.9893,1346.0217,192.5421,1587,227.013,0.382,45.5304,0.18,21.4541,0.277,33.0155,0.51,0.839,78.2903,179.9166,577.686,258.2069,2.2981,-0.7248,-1.1044,1.482,2.5096,2.6469,-748.1396,-10.4985,-993.9633,-13.948,1849.2497,25.9501,49.7371,3544.3584,7.1869,783,678,9.0177,619.3056,516.85,-1.7013,780,807,-1.7626,661.148,684.8736,4.0629,2205.5556,2033.3333,16.5602,-3.4218,1090,-5598.1674,2213,865.667,316.5594,-46.3172,594,1619,1.71,440.2349,425.4321,3.3212,0.6079,0.3826,204.1245,2.8644,1.0986,373.5615,5.2421,2.5247
orQl0j5kmyEozY85pKis,9/18/2023,18:31:35,VB004,Countermovement Jump,,,694.986,0.3426,183.6684,-0.2037,7967.2131,-8198.2764,1670,240.2926,1257.4754,180.9354,1670,240.2926,1538.8578,221.4228,1806,259.8613,0.331,49.3294,0.122,18.1818,0.218,32.4888,0.519,0.671,68.1337,184.7816,489.2105,252.9153,2.712,-0.6287,-0.968,1.5784,2.5926,2.6951,-709.0108,-10.008,-956.8227,-13.5059,2193.0833,30.9562,54.0778,3831.1236,3.3533,863,807,7.2771,674.4918,582.9836,-1.2182,892,914,0.2346,771.2339,767.6239,-4.1152,3819.6721,4147.541,13.6291,0.4821,N/A,-6854.8296,2386,869.3094,343.3163,-12.4895,1044,1342,-7.072,403.9161,465.3933,N/A,0.7735,0.5105,152.922,2.1586,0.9617,336.2885,4.7468,2.6083
f11Z6XpfwYA5iUm8fa0W,10/9/2023,18:24:32,VB005,Countermovement Jump,,,796.907,0.273,188.0028,-0.2762,7258.2781,-6865.5857,1896,237.9199,1566.3311,196.5513,1901,238.5473,1508.5758,189.3039,1895,237.7944,0.252,37.7811,0.151,22.6387,0.264,39.5802,0.477,0.667,115.626,188.8141,635.1565,304.4401,1.633,-0.8655,-1.4239,1.4472,2.3143,2.4572,-1235.1517,-15.2048,-1817.3175,-22.3713,1980.7298,24.383,43.7927,3557.4654,-1.2099,939,962,-0.6968,777.7086,788.6225,-1.2137,936,959,2.5661,773.6439,734.9318,-14.9635,3086.0927,4172.1854,-1.3169,4.9851,N/A,-5921.0487,2791,938.6222,350.2291,21.7485,1699,1092,-19.0224,380.037,558.5852,N/A,0.7151,0.4093,235.959,2.9047,1.4234,399.1975,4.9142,2.3243
m22Kf44gQ90FRwWA1YNM,10/9/2023,18:24:24,VB005,Countermovement Jump,,,797.812,0.2499,180.0905,-0.2588,6025.1572,-6774.715,1753,219.726,1473.6352,184.7096,1759,220.478,1476.6128,185.0828,1753,219.726,0.339,44.3717,0.159,20.8115,0.266,34.8168,0.46,0.764,106.9699,181.422,627.462,288.3919,1.696,-0.8227,-1.3223,1.3999,2.2144,2.3788,-1103.5569,-13.5695,-1540.4156,-18.9411,1869.6789,22.9898,42.0834,3422.4919,-3.1268,852,907,-4.1014,706.5975,767.0377,-3.2516,848,905,-3.835,709.9925,766.6203,2.714,3094.3396,2930.8176,-7.9049,-7.3782,840,-6795.8707,3353,1019.4036,420.2745,-9.2753,1521,1832,-5.614,481.0869,538.3167,-10.647,0.6021,0.3271,233.822,2.8751,1.3153,393.64,4.8402,2.2308
ulTdcIZNlXTZN6A5DJwz,10/4/2023,18:28:25,VB005,Countermovement Jump,,,800.592,0.2736,189.0895,-0.2619,8246.3768,-7393.3375,1936,241.8211,1665.6739,208.0553,1951,243.6947,1566.5061,195.6685,1932,241.3214,0.234,37.8029,0.138,22.294,0.247,39.9031,0.486,0.619,118.7993,190.1328,617.16,308.9321,1.6005,-0.8601,-1.4592,1.4451,2.317,2.4444,-1318.1041,-16.1513,-2035.2968,-24.9394,2047.4943,25.0888,44.6398,3643.0447,-2.1015,955,996,1.4483,844.8986,820.7754,-2.1739,945,987,-0.4593,779.6559,786.8502,-19.5079,3318.8406,4927.5362,2.9572,-0.9203,N/A,-5477.3516,2739,933.52,342.1218,-10.9894,1219,1520,-0.4518,464.6513,468.8687,N/A,0.7851,0.442,229.281,2.8095,1.4557,387.879,4.7528,2.3298
sYwMUknHssH5VkKUwZPF,10/4/2023,18:28:18,VB005,Countermovement Jump,,,799.005,0.2655,185.906,-0.2552,6934.2105,-7265.7649,1854,232.0386,1527.7368,191.2049,1868,233.7908,1545.62,193.4431,1854,232.0386,0.222,35.5769,0.152,24.359,0.25,40.0641,0.462,0.624,110.2287,187.5658,618.9945,297.7945,1.7016,-0.8423,-1.3644,1.4221,2.2825,2.4208,-1171.7194,-14.3861,-1590.3653,-19.5261,1988.443,24.4136,44.4385,3619.431,-1.2848,922,946,-6.7119,712.5987,815.1382,-1.8339,910,944,-1.8341,758.636,786.984,7.4004,3723.6842,3210.5263,-12.6307,-3.5963,1130,-8742.5443,2608,960.5239,326.406,-17.408,1077,1531,-11.5881,424.6088,535.915,-20.7801,0.7404,0.4255,231.6775,2.8445,1.3534,387.317,4.7554,2.3029
zHwkl0GBxD9S8pgIY7bd,10/2/2023,18:27:52,VB005,Countermovement Jump,,,793.132,0.2899,192.8279,-0.276,7387.7551,-6828.5161,1885,237.6654,1607.4014,202.665,1901,239.6827,1524.0415,192.1548,1885,237.6654,0.251,37.8582,0.147,22.1719,0.265,39.9698,0.485,0.663,119.1421,194.617,640.5295,313.7591,1.6335,-0.8852,-1.4864,1.4618,2.385,2.5082,-1309.6382,-16.1985,-1923.9418,-23.7966,2030.6147,25.116,44.6271,3608.0689,2.6828,976,925,0.7271,809.5442,797.8571,0.7958,950,935,0.6168,766.7208,757.3208,6.9982,3952.381,3435.3741,1.4182,1.2325,N/A,-5223.7189,3691,919.2345,465.3702,-11.8396,1627,2064,-4.1843,440.3853,478.8492,N/A,0.7315,0.4373,235.7325,2.9157,1.4736,404.797,5.0068,2.4072
5ec6hQa6g8Owy6dxp490,10/2/2023,18:27:42,VB005,Countermovement Jump,,,793.556,0.2496,179.007,-0.3254,4989.1892,-5269.7907,1715,216.1158,1381.3568,174.0717,1729,217.88,1395.0635,175.799,1715,216.1158,0.317,39.5755,0.185,23.0961,0.299,37.3283,0.458,0.801,108.2761,180.6938,673.051,288.9699,1.6688,-0.8631,-1.35,1.3589,2.2129,2.3601,-1083.32,-13.3921,-1457.2653,-18.0148,1743.6237,21.5548,40.3009,3260.0446,-5.9572,813,916,-5.3715,653.5784,727.7784,-5.0729,814,901,0.3073,699.6756,695.388,3.1419,2572.973,2416.2162,-10.2223,0.5835,N/A,-4390.4044,3134,911.5373,394.9312,8.0408,1693,1441,2.8935,468.9564,442.581,N/A,0.5718,0.3116,255.084,3.1534,1.3385,417.967,5.1669,2.2338
xOOLO95vihQ8qMq6E94Q,9/18/2023,18:37:15,VB005,Countermovement Jump,,,785.417,0.2718,184.8759,-0.2855,7078.4314,-6531.619,1865,237.4535,1548.5556,197.1635,1879,239.236,1472.7546,187.5124,1866,237.5808,0.263,38.3942,0.153,22.3358,0.269,39.2701,0.474,0.685,116.2097,185.8098,633.4655,302.0195,1.5989,-0.9024,-1.4538,1.4621,2.3091,2.4465,-1261.7797,-15.7599,-1771.5059,-22.1264,1945.1692,24.2955,42.7049,3419.0797,-2.182,919,960,-5.8089,729.3007,819.2549,-2.2508,912,954,0.5293,740.2751,732.4796,-6.0018,3326.7974,3751.634,-10.9789,1.0322,N/A,-7169.6096,2687,1019.9155,342.1113,17.38,1577,1110,1.1255,515.6974,504.2182,N/A,0.692,0.3967,236.3785,2.9524,1.4515,397.087,4.9597,2.3208
ytD0IZr1E0nxxFYuvp0f,9/18/2023,18:37:07,VB005,Countermovement Jump,,,788.411,0.2451,176.2442,-0.3196,6232.7044,-5572.1309,1781,225.8974,1512.2138,191.8053,1821,230.9709,1451.2481,184.0725,1785,226.4048,0.333,43.9314,0.159,20.9763,0.266,35.0923,0.47,0.758,114.5842,177.1892,626.848,291.7733,1.5464,-0.889,-1.4281,1.3962,2.193,2.3573,-1216.3596,-15.1349,-1711.7221,-21.2985,1830.3906,22.7751,41.7696,3356.9409,-1.5925,896,925,-4.8677,719.3019,792.9119,-2.7451,868,917,-4.5732,692.4398,758.8083,-6.1554,2924.5283,3308.1761,-9.2766,-8.7329,N/A,-3976.4412,2844,960.5713,360.7256,-13.9241,1224,1620,-15.5931,405.3943,555.177,N/A,0.6201,0.3234,239.9415,2.9855,1.4257,386.9065,4.8142,2.2047
WTnjoAdio68CqWSlf5nw,10/9/2023,18:30:20,VB006,Countermovement Jump,,,605.188,0.2935,148.0422,-0.3008,3846.9945,-4348.753,1308,216.1312,990.4153,163.6542,1306,215.8007,1131.8333,187.0218,1340,221.4188,0.312,40.1544,0.183,23.5521,0.282,36.2934,0.476,0.777,70.1406,149.152,500.705,219.2926,2.1265,-0.7392,-1.1457,1.4491,2.3997,2.5331,-668.5693,-10.8374,-897.6611,-14.5509,1509.3581,24.4665,46.9284,2895.0539,1.6845,664,642,6.0868,525.3497,465.0656,-7.6119,619,721,-4.6253,539.7411,592.0922,-5.6818,1814.2077,2032.7869,11.516,-8.81,610,-41850.6589,2760,841.7541,456.0566,-13.1159,1199,1561,-14.1227,361.4377,480.3164,-24.76,0.6126,0.3778,180.89,2.9322,1.137,319.815,5.1841,2.4177
hTE5iB3meoV5Wlui1WNY,10/9/2023,18:30:12,VB006,Countermovement Jump,,,605.714,0.3109,152.5009,-0.2989,3350.7109,-4398.9206,1315,217.0992,917.8483,151.5316,1313,216.769,1176.5448,194.241,1374,226.8397,0.3,38.5109,0.211,27.086,0.268,34.4031,0.493,0.779,65.5048,153.6231,509.265,219.128,2.3452,-0.7721,-1.0697,1.4408,2.4699,2.5714,-635.097,-10.2859,-824.2096,-13.3487,1578.1148,25.5588,48.3252,2983.8172,5.7121,694,619,0.2169,459.9194,457.9289,-2.9112,667,707,-0.1916,587.1455,589.3993,12.3055,1881.5166,1469.1943,0.3867,-0.3643,N/A,-17813.0312,2786,744.563,459.953,-41.3496,817,1969,-10.4749,333.2853,411.2777,N/A,0.6329,0.3991,193.3105,3.1308,1.0609,315.9545,5.1171,2.488
1Lc9qKYYbaaBNxw8S93z,10/4/2023,18:30:16,VB006,Countermovement Jump,,,599.527,0.3073,150.0642,-0.298,3868.1319,-4375.8521,1304,217.5048,937.1758,156.3192,1304,217.5048,1150.0549,191.827,1352,225.5111,0.361,44.2402,0.182,22.3039,0.273,33.4559,0.496,0.816,61.0986,150.9281,484.8115,212.0267,2.4702,-0.6826,-1.0045,1.4591,2.4555,2.5771,-578.6657,-9.4686,-723.8613,-11.8445,1552.2938,25.4,48.4309,2959.8005,4.2945,680,624,11.1722,520.9396,416.2363,-3.2544,654,698,0.3934,577.2894,572.7656,-4.5455,1846.1538,2021.978,20.1503,0.7884,690,-15625.5105,3251,814.4043,542.2608,-6.7364,1516,1735,4.5128,425.5783,388.8261,8.6259,0.6078,0.3766,170.2125,2.7852,0.9998,314.599,5.1478,2.4696
T8tPtfykJmlEK6NPHGqr,10/4/2023,18:30:09,VB006,Countermovement Jump,,,600.868,0.3057,150.0062,-0.3005,2548.3871,-4096.9896,1231,204.8703,848.0726,141.1412,1231,204.8703,1156.5074,192.4728,1380,229.6677,0.282,35.25,0.248,31,0.27,33.75,0.502,0.8,60.9892,150.6226,522.8615,211.6119,2.4697,-0.7199,-0.9964,1.4146,2.4491,2.5606,-555.154,-9.0637,-679.3025,-11.0906,1533.0056,25.0284,48.6588,2980.3814,1.8684,627,604,4.301,442.2742,405.7984,-2.6087,672,708,0.8202,582.9963,573.5111,6.0127,1350.8065,1197.5806,8.2431,1.6214,770,-9805.2656,3014,794.0974,501.6077,0.5309,1515,1499,18.9219,472.1779,321.9195,31.8321,0.6275,0.3821,210.0045,3.4286,0.9957,312.857,5.1078,2.4591
vHkvrzUk35W7KrBPEM1w,10/2/2023,18:29:29,VB006,Countermovement Jump,,,606.338,0.321,155.1084,-0.3314,4082.4176,-4077.0084,1351,222.813,969.3846,159.8753,1351,222.813,1147.2265,189.2058,1366,225.2869,0.375,44.4313,0.182,21.564,0.287,34.0047,0.509,0.844,65.7005,155.8975,505.9705,221.598,2.3729,-0.7223,-1.0662,1.4826,2.5095,2.6229,-631.0003,-10.209,-795.3339,-12.8678,1579.689,25.5579,49.3138,3047.996,6.8838,722,629,7.882,522.8956,446.489,6.2958,726,640,-1.9505,562.4251,584.8014,2.5572,2093.4066,1989.011,14.6322,-3.7928,N/A,-13381.9018,3366,723.5333,555.1359,-12.8342,1467,1899,4.7655,379.0067,344.5266,N/A,0.6031,0.3803,176.054,2.8484,1.063,329.9165,5.3378,2.5223
r3b0Nb7cCjgQ424vZ2QE,10/2/2023,18:29:23,VB006,Countermovement Jump,,,607.81,0.3342,158.6457,-0.3419,5037.7358,-4118.5139,1408,231.6513,1102.4591,181.3822,1408,231.6513,1161.7631,191.1392,1413,232.474,0.366,45.0739,0.159,19.5813,0.287,35.3448,0.524,0.812,78.2447,159.6705,508.9985,237.9152,2.0407,-0.8088,-1.2701,1.5295,2.5605,2.6748,-805.8853,-13.0069,-1096.2215,-17.6929,1639.9663,26.4689,49.7256,3080.9118,5.9659,746,662,7.7043,593.6981,508.761,5.0248,742,671,-0.1452,580.0383,581.7247,2.372,2578.6164,2459.1195,14.3268,-0.275,N/A,-13567.0794,3458,739.266,568.9278,2.0243,1764,1694,7.6953,398.0773,341.1887,N/A,0.6453,0.4115,174.8865,2.8227,1.2629,334.112,5.3925,2.5771
mChEgLKXXg9DMA6HXkTl,9/18/2023,18:33:26,VB006,Countermovement Jump,,,610.736,0.2618,141.0938,-0.2983,3227.9793,-4136.4446,1234,202.0513,935.4508,153.1678,1234,202.0513,1114.9679,182.5613,1329,217.6063,0.369,43.8242,0.193,22.9216,0.28,33.2542,0.459,0.842,62.358,141.7869,493.023,204.1449,2.2738,-0.6704,-1.0034,1.3689,2.2663,2.4082,-571.8293,-9.1851,-739.8686,-11.8842,1409.4567,22.6395,43.5148,2709.0788,-2.9173,599,635,-0.7743,464.1036,471.3472,-5.9443,625,704,-6.438,521.5929,593.375,-8.5072,1476.6839,1751.2953,-1.5099,-12.0771,N/A,-5270.5885,2409,928.2644,394.4421,-31.0087,831,1578,-8.5002,424.6801,503.5843,N/A,0.5451,0.3109,180.23,2.895,1.0016,312.793,5.0243,2.2775
Fu1Dq5S3B7bA7hDDAG47,9/18/2023,18:33:19,VB006,Countermovement Jump,,,610.404,0.2961,149.9736,-0.3101,3403.0612,-4121.5532,1278,209.3695,923.852,151.3509,1278,209.3695,1144.4199,187.4857,1366,223.7862,0.392,45.1093,0.196,22.5547,0.281,32.336,0.486,0.869,61.1013,150.68,502.944,211.7813,2.4661,-0.6752,-0.984,1.4256,2.4103,2.5341,-565.7976,-9.0931,-713.2886,-11.4635,1515.9368,24.3631,47.1673,2934.8721,0.626,643,635,0.428,463.9031,459.949,-3.5139,659,707,0.398,574.4875,569.9324,10.3448,1877.551,1525.5102,0.815,0.7886,N/A,-12997.5121,2399,764.2044,393.0184,-13.714,1035,1364,-0.6432,379.6444,384.56,N/A,0.5593,0.3407,180.7405,2.9047,0.982,322.2035,5.1782,2.4216
PHxGuk6jSbdInuqAFpYa,10/9/2023,18:27:36,VB007,Countermovement Jump,,,648.37,0.3533,174.0011,-0.3197,2836.4486,-3918.8631,1253,193.2539,1033.7757,159.4422,1260,194.3335,1211.7832,186.8969,1522,234.7425,0.253,32.6031,0.214,27.5773,0.309,39.8196,0.541,0.776,82.1698,174.7067,595.974,256.8765,2.1262,-0.7768,-1.2445,1.3743,2.6327,2.7278,-742.8076,-11.2389,-1047.9583,-15.8559,1635.0364,24.7385,54.3805,3594.1572,-4.7619,600,660,-8.0433,475.3131,558.4626,-5.1248,722,800,-4.746,577.1359,634.6472,8.7315,1542.0561,1294.3925,-14.9283,-9.058,N/A,-5698.6421,2575,857.4499,397.1498,-1.5922,1267,1308,-11.2956,380.298,477.1519,N/A,0.6972,0.4552,220.921,3.3426,1.2432,375.053,5.6746,2.6434
qFbQRqAQ0x60TCIaR907,10/9/2023,18:27:29,VB007,Countermovement Jump,,,650.929,0.3322,169.4071,-0.3132,2333.3333,-3853.7632,1207,185.4273,978.5105,150.3252,1206,185.2737,1238.9273,190.3322,1509,231.8225,0.298,36.165,0.237,28.7621,0.289,35.0728,0.523,0.824,77.3568,170.5205,590.266,247.8773,2.2043,-0.7236,-1.1732,1.3788,2.5531,2.6656,-663.6488,-10.0017,-976.7243,-14.72,1648.5841,24.8454,51.4898,3416.5327,-5.3068,571,635,-10.2977,438.8734,539.6371,-3.3797,729,780,-5.1786,587.3841,651.5433,15.3707,1345.9916,987.3418,-18.7228,-9.8354,N/A,-4596.288,2188,775.829,336.135,-64.808,385,1803,-21.2013,305.6714,470.1575,N/A,0.6347,0.4032,231.627,3.4908,1.1658,358.639,5.405,2.5699
FhPimz5bi4NSKOw7lpZC,10/4/2023,18:31:38,VB007,Countermovement Jump,,,651.082,0.3445,172.5575,-0.3336,2995.1923,-3818.4066,1274,195.6743,1062.9375,163.2571,1278,196.2886,1206.5434,185.3136,1472,226.0852,0.268,34.0534,0.208,26.4295,0.311,39.5172,0.528,0.787,85.3504,173.372,596.634,258.7224,2.0313,-0.7966,-1.2888,1.4113,2.6,2.7099,-783.6807,-11.8079,-1114.5493,-16.7932,1642.8511,24.7532,51.7238,3432.8664,-10.3286,573,705,-8.3264,487.2163,575.7212,-1.4946,725,747,-5.6783,569.0161,637.5273,-12.0385,1317.3077,1677.8846,-15.3642,-10.7712,N/A,-4791.2401,2719,846.5303,417.6125,-6.7304,1268,1451,0.2718,424.4157,422.1147,N/A,0.6709,0.4378,220.7755,3.3265,1.286,375.8585,5.6631,2.6122
IXzT7mZ4z4LoRyLpt05Q,10/4/2023,18:31:31,VB007,Countermovement Jump,,,652.916,0.3389,171.6193,-0.3224,3520.6186,-4150.6259,1338,204.9268,1107.6804,169.6513,1338,204.9268,1241.9555,190.2167,1487,227.7475,0.253,34.2355,0.194,26.2517,0.292,39.5129,0.531,0.739,87.8778,172.6555,577.8505,260.5333,1.9647,-0.8133,-1.3265,1.4442,2.5786,2.6959,-832.8178,-12.513,-1170.0243,-17.5795,1703.5409,25.5955,51.6462,3437.3729,-2.9895,649,689,-5.7173,522.1753,585.5052,-2.6227,724,763,-3.1559,601.3801,640.5753,20.937,2128.866,1391.7526,-10.8924,-6.1142,1090,-4235.707,2133,812.7477,326.6883,-48.0544,554,1579,-5.6877,383.2606,429.4872,-10.7715,0.7185,0.4586,214.5435,3.2235,1.3204,363.307,5.4587,2.5941
O2lHnsSU8n7vQTwQdRPg,10/2/2023,18:33:29,VB007,Countermovement Jump,,,647.432,0.3527,173.623,-0.3324,3115.942,-3890.102,1293,199.7121,1074.8454,166.0167,1294,199.8665,1213.9902,187.5085,1502,231.9935,0.254,33.0729,0.207,26.9531,0.307,39.974,0.546,0.768,88.1481,174.5644,595.4925,262.7125,1.9804,-0.823,-1.3406,1.4119,2.6308,2.7403,-819.3432,-12.4148,-1166.3981,-17.6735,1660.6783,25.1629,53.4024,3524.4072,-4.3277,619,675,-6.2577,503.7923,571.0531,-1.0652,743,759,-4.0685,582.2997,631.6906,10.3876,1719.8068,1396.1353,-11.8214,-7.8081,N/A,-4327.3554,2450,861.4517,378.4181,-1.1429,1211,1239,-0.9712,426.5425,434.9092,N/A,0.7109,0.4593,222.1665,3.3663,1.3356,373.326,5.6567,2.645
1kpXqoi37oOke6fiJfO3,10/2/2023,18:33:22,VB007,Countermovement Jump,,,649.159,0.3377,170.3347,-0.3322,2614.4068,-3810.8657,1266,195.0216,987.7119,152.1525,1266,195.0216,1210.4013,186.4568,1477,227.5252,0.261,32.5843,0.236,29.4632,0.304,37.9526,0.541,0.801,79.5875,171.2377,601.371,250.8251,2.1516,-0.7906,-1.2069,1.4028,2.5741,2.6846,-717.4171,-10.8415,-937.7852,-14.1717,1634.4551,24.6997,51.5126,3408.7506,-2.6856,616,650,-6.9507,459.5297,528.1822,-0.6093,734,743,0.2017,606.4211,603.9803,18.6386,1550.8475,1063.5593,-13.0569,0.3899,N/A,-3893.2202,2428,788.145,374.0224,-7.0016,1129,1299,-6.4022,368.843,419.302,N/A,0.6754,0.4216,232.789,3.5179,1.2027,368.582,5.57,2.5877
rQbghp21vZ7hjgK0FKp4,9/18/2023,18:33:50,VB007,Countermovement Jump,,,638.272,0.3503,170.5596,-0.3492,3097.2222,-3751.6122,1310,205.2417,1023.6898,160.3846,1310,205.2417,1175.2862,184.1356,1409,220.7523,0.267,33.3333,0.216,26.9663,0.318,39.7004,0.537,0.801,82.9127,171.4115,595.1615,254.3243,2.0674,-0.8281,-1.278,1.4679,2.6214,2.7463,-774.5254,-11.9042,-1019.9364,-15.676,1642.4862,25.2444,51.213,3332.0908,-7.9389,603,707,-9.7672,461.8519,561.838,-3.4776,680,729,-4.383,561.8868,613.3994,7.6233,1666.6667,1430.5556,-17.8402,-8.4037,N/A,-4605.6997,2479,833.4779,388.3924,-19.4837,998,1481,-4.7121,397.1018,436.3761,N/A,0.6704,0.4373,220.7795,3.3933,1.2743,374.382,5.7541,2.6345
BOcSI1K5edIt74UwSgWR,9/18/2023,18:33:43,VB007,Countermovement Jump,,,638.858,0.3507,170.8318,-0.3504,3304.3478,-3773.0039,1322,206.9317,1056.6425,165.3955,1324,207.2448,1181.0696,184.872,1461,228.6893,0.276,34.5432,0.207,25.9074,0.316,39.5494,0.544,0.799,86.1359,171.9869,592.2455,258.1228,1.9967,-0.8546,-1.331,1.454,2.6232,2.7496,-824.6103,-12.6623,-1095.5198,-16.8223,1640.5174,25.191,53.1338,3460.2371,-7.855,610,714,-8.3781,484.058,572.5845,-2.8063,710,751,-5.2034,559.807,621.2627,4.9708,1734.2995,1570.0483,-15.4963,-9.8927,N/A,-4686.7523,2203,794.0394,344.8341,-10.1226,990,1213,-8.2032,364.4514,429.5881,N/A,0.6809,0.439,218.3795,3.3533,1.3227,373.866,5.7409,2.6409
SVbx4gUSJ1gwobZemYyC,10/9/2023,18:26:17,VB008,Countermovement Jump,,,665.351,0.3274,171.9016,-0.2214,10033.3333,-8444.8949,1870,281.0547,1370.8417,206.0329,1872,281.3553,1491.8373,224.2181,1873,281.5056,0.24,42.1793,0.12,21.0896,0.209,36.7311,0.523,0.569,84.0514,173.6546,476.6065,257.706,2.0661,-0.8294,-1.2558,1.6025,2.5345,2.6418,-997.4794,-14.7069,-1362.0852,-20.0827,2112.4285,31.1459,52.3343,3549.5094,5.1282,984,888,7.1823,734.65,636.1917,4.7517,981,892,1.8961,760.0622,731.7751,-1.8272,4925,5108.3333,13.4596,3.7467,N/A,-6126.3012,2983,816.1345,448.3348,5.7325,1577,1406,13.6779,463.8824,352.2521,N/A,0.9192,0.5754,163.8935,2.4165,1.2393,312.713,4.6107,2.5604
w0kDTQVA779dmqIVGRly,10/9/2023,18:26:02,VB008,Countermovement Jump,,,665.373,0.3141,168.3837,-0.239,8701.6129,-7314.8081,1748,262.7098,1341.7258,201.6502,1748,262.7098,1425.3198,214.2137,1748,262.7098,0.28,44.7284,0.124,19.8083,0.222,35.4633,0.501,0.626,83.3222,169.5687,483.11,252.8909,2.0351,-0.7899,-1.2365,1.5533,2.4826,2.6005,-943.746,-13.9142,-1293.8543,-19.0761,1978.6273,29.1721,50.407,3418.9072,4.9199,917,831,5.8687,710.2339,631.4919,4.8055,916,832,1.6734,724.5856,700.7342,4.7266,4556.4516,4145.1613,11.0948,3.3168,910,-6222.304,2018,850.3802,303.2885,7.8295,1088,930,5.9283,450.3967,399.9835,11.1824,0.8003,0.5018,165.8285,2.4449,1.2285,317.2815,4.6779,2.5001
MCduHfwkAcs4azWQ1ICM,10/4/2023,18:27:05,VB008,Countermovement Jump,,,674.134,0.3038,167.763,-0.1982,11256.8807,-9620.0437,1907,282.8814,1394.6422,206.8791,1907,282.8814,1540.2165,228.4733,1950,289.26,0.263,46.4664,0.109,19.258,0.194,34.2756,0.499,0.566,77.9154,168.961,451.139,246.8764,2.1685,-0.7437,-1.1418,1.5868,2.4413,2.5605,-912.3074,-13.2759,-1230.6741,-17.9088,2129.4109,30.9872,51.2386,3521.0661,5.0865,1002,905,9.8555,766.0459,628.5963,3.4872,1009,941,1.749,783.5773,756.6392,-0.5705,5596.3303,5660.5505,18.0118,3.4665,810,-8266.4848,2335,883.7654,346.3703,-6.4668,1092,1243,12.233,495.9383,387.8272,21.7956,0.8816,0.5367,151.396,2.2031,1.1338,299.743,4.3619,2.4587
4jV3yAu69wxrKNDEba7j,10/4/2023,18:26:56,VB008,Countermovement Jump,,,675.144,0.2838,162.3971,-0.1908,11205.6075,-9875.6055,1884,279.0516,1358.4299,201.206,1879,278.311,1543.8777,228.6738,1945,288.0867,0.264,47.2272,0.107,19.1413,0.188,33.6315,0.479,0.559,72.5061,164.2474,435.921,236.7535,2.2653,-0.7048,-1.071,1.54,2.3597,2.487,-844.6867,-12.2735,-1131.18,-16.4363,2062.9892,29.9757,50.8,3496.1611,6.1203,997,882,7.938,733.1308,625.2991,4.1645,1013,932,1.6858,784.9521,758.9255,7.256,6009.3458,5196.2617,14.7114,3.3528,1020,-7764.9386,2064,832.8824,305.7126,-4.2636,988,1076,8.9126,453.5569,379.3255,16.3573,0.8569,0.5077,144.7465,2.1032,1.0535,291.1745,4.2308,2.3866
Et0H4RP41DQ28l0GntN4,10/2/2023,18:29:52,VB008,Countermovement Jump,,,664.484,0.3411,175.2218,-0.2257,9974.7899,-8191.7895,1849,278.261,1357.1681,204.2439,1847,277.96,1504.9809,226.4887,1852,278.7125,0.255,43.7393,0.119,20.4117,0.209,35.8491,0.528,0.583,81.8309,176.5723,476.354,258.4032,2.1578,-0.7956,-1.2187,1.6237,2.5869,2.6906,-951.3634,-14.0453,-1289.9222,-19.0436,2167.289,31.9964,53.8628,3648.4175,6.876,987,860,11.4085,756,601.1681,6.8035,989,863,3.2686,777.0861,727.8947,-1.0952,4932.7731,5042.0168,20.5543,6.3569,1070,-6969.474,2511,832.5486,377.8872,12.4652,1412,1099,10.8637,461.4972,371.0514,19.5962,0.9057,0.585,160.9045,2.3755,1.2081,315.4495,4.6571,2.6068
YgQapfcj9qr8qpna0vui,10/2/2023,18:29:43,VB008,Countermovement Jump,,,665.88,0.3237,171.0531,-0.2184,10830.3571,-8639.7698,1887,283.3844,1386.4196,208.2086,1885,283.084,1535.9137,230.6592,1899,285.1865,0.273,46.9072,0.112,19.244,0.197,33.8488,0.509,0.582,80.0874,172.3251,458.1695,252.4126,2.1517,-0.7711,-1.1891,1.5932,2.52,2.6317,-941.9802,-13.8776,-1278.0445,-18.8286,2159.086,31.8085,53.5924,3637.7267,7.9045,1017,868,11.2436,771.1518,615.2679,6.5824,1012,887,3.029,791.2183,744.6954,5.1937,5696.4286,5133.9286,20.252,5.9081,N/A,-6160.3757,1738,828.1189,261.008,26.0069,1095,643,7.8495,446.5609,381.558,N/A,0.8746,0.5561,154.666,2.2786,1.1799,303.5035,4.4713,2.5388
xXqijLA69HDuIxUFUzRN,9/18/2023,18:34:22,VB008,Countermovement Jump,,,675.331,0.2637,156.5835,-0.2035,9057.377,-8734.0659,1777,263.1302,1277.3525,189.1447,1777,263.1302,1479.5436,219.0842,1857,274.9763,0.267,45.7192,0.122,20.8904,0.195,33.3904,0.454,0.584,72.8886,157.6945,444.663,230.5831,2.1635,-0.6995,-1.0656,1.4953,2.2746,2.4055,-792.7424,-11.5155,-1064.2144,-15.459,1926.8745,27.9902,46.9358,3231.1129,7.7096,957,820,10.4949,705.7049,571.6475,5.1158,976,881,2.4162,757.6462,721.8974,11.4932,5049.1803,4008.1967,18.9894,4.7559,N/A,-9559.9663,2049,847.1648,303.4068,19.8633,1228,821,23.3487,522.4832,324.6816,N/A,0.7774,0.4515,155.279,2.2556,1.0588,289.384,4.2037,2.2907
WCq0JjoMb97OJcAuVq1R,10/9/2023,18:29:57,VB009,Countermovement Jump,,,761.498,0.2121,158.3505,-0.3262,5573.0337,-5380.9342,1755,230.4668,1293.7978,169.9017,1761,231.2547,1263.6278,165.9397,1755,230.4668,0.496,50.0505,0.178,17.9617,0.317,31.9879,0.435,0.991,94.2494,160.0386,631.2295,254.288,1.698,-0.823,-1.2264,1.3983,2.04,2.2363,-954.6822,-12.2987,-1176.7508,-15.1595,1576.6702,20.3115,34.2809,2661.0465,-4.0318,845,916,-7.5572,598.0112,695.7865,-4.1595,841,914,1.0141,638.2208,625.4069,10.2823,3073.0337,2500,-14.12,1.9783,N/A,-9207.0816,2363,936.3948,310.3094,31.6124,1555,808,0.4505,470.3067,466.0881,N/A,0.439,0.214,229.796,2.9603,1.2142,401.4335,5.1715,2.0617
FUBVPYkLQnLyGpEsCjpE,10/9/2023,18:29:51,VB009,Countermovement Jump,,,762.836,0.2027,155.0674,-0.2181,5960,-7582.6971,1654,216.8225,1277.76,167.5013,1654,216.8225,1409.5875,184.7825,1687,221.1485,0.397,50.4447,0.15,19.0597,0.24,30.4956,0.414,0.787,76.7866,156.0324,530.325,232.819,2.032,-0.6378,-0.9905,1.3057,1.9942,2.1504,-740.8126,-9.5268,-979.8076,-12.6002,1643.3142,21.1329,36.2719,2820.5393,-4.5949,789,865,-8.9563,581.66,696.1,-2.6675,821,866,-1.3257,695.45,714.1375,10.962,3306.6667,2653.3333,-16.5181,-2.6405,N/A,-6684.2184,2221,934.2271,291.1504,-1.9361,1089,1132,2.7309,479.8699,454.3572,N/A,0.526,0.2575,191.212,2.459,0.9875,339.113,4.361,2.0066
T7LdVhWic916RiLyOUg2,10/4/2023,18:32:00,VB009,Countermovement Jump,,,770.374,0.2079,158.6054,-0.2684,6483.6601,-6560.7142,1761,228.5903,1292.7712,167.8109,1762,228.7201,1361.6803,176.7557,1765,229.1095,0.404,48.9104,0.153,18.523,0.269,32.5666,0.424,0.826,79.4278,159.9274,564.453,239.3552,2.0135,-0.6997,-1.0188,1.3496,2.0197,2.1846,-805.4529,-10.2567,-1044.6422,-13.3026,1637.9014,20.8572,34.9179,2742.0867,-8.6266,805,957,-12.9721,562.5359,730.2353,-7.9887,812,953,-1.732,669.0483,692.632,2.8226,3333.3333,3150.3268,-23.0284,-3.4497,1000,-6114.3267,2278,936.861,295.7005,17.9104,1343,935,3.2245,483.535,453.326,6.2533,0.5133,0.2517,197.295,2.5124,1.0114,367.158,4.6754,2.0365
BFdYF8FPOCk4cvrZR56O,10/4/2023,18:31:52,VB009,Countermovement Jump,,,770.821,0.1999,155.617,-0.2619,4545.4545,-5998.6189,1571,203.8087,1197.483,155.3516,1570,203.6789,1319.2316,171.1463,1582,205.2357,0.372,44.6579,0.176,21.1285,0.285,34.2137,0.418,0.833,74.69,157.067,587.1055,231.757,2.1029,-0.6423,-0.9596,1.2849,1.9805,2.1632,-700.6447,-8.9169,-919.5788,-11.7032,1533.7616,19.5197,35.606,2797.7409,-0.8917,778,792,-1.6479,588.875,608.608,-0.7585,785,797,1.9312,672.3544,646.8772,7.75,2448.8636,2096.5909,-3.2774,3.7704,N/A,-5665.3838,2032,879.9685,263.615,-7.0866,944,1088,-6.4556,411.5805,468.3879,N/A,0.5018,0.24,210.3545,2.6771,0.9506,376.751,4.7948,1.9989
wUtGqAGwWeLSg552iQ1b,10/2/2023,18:28:46,VB009,Countermovement Jump,,,767.398,0.2156,160.8982,-0.2753,6032.4675,-6149.3889,1693,220.6156,1331.3831,173.4932,1695,220.8763,1341.6299,174.8284,1693,220.6156,0.427,49.536,0.154,17.8654,0.281,32.5986,0.439,0.862,86.3862,162.1922,582.3965,248.5784,1.8775,-0.7162,-1.1114,1.3741,2.0568,2.2465,-863.3732,-11.0369,-1167.3651,-14.923,1646.0934,21.0428,36.1269,2826.0644,-4.6608,808,887,-8.6918,607.8312,723.5519,-4.5481,808,885,1.8467,683.2028,658.427,8.5038,3272.7273,2759.7403,-16.0597,3.5925,N/A,-4789.7689,2324,833.9294,302.8416,38.8124,1613,711,20.8844,504.0453,329.884,N/A,0.5093,0.2501,204.5655,2.6151,1.1043,377.831,4.83,2.0734
yFpB4EmcO9rk3DOZC6Ls,10/2/2023,18:28:39,VB009,Countermovement Jump,,,766.268,0.224,163.7394,-0.2276,5637.5839,-7061.9281,1607,209.7177,1210.1611,157.9292,1605,209.4567,1436.449,187.4604,1704,222.3765,0.44,52.7578,0.149,17.8657,0.245,29.3765,0.431,0.834,65.7186,164.9833,532.6115,230.7019,2.5105,-0.5827,-0.8478,1.3389,2.0962,2.2438,-634.891,-8.1281,-845.9461,-10.8301,1729.6796,22.1439,38.7293,3025.1819,-3.5514,774,831,-13.0339,526.2148,683.9463,1.7606,867,837,2.0925,733.2531,703.1959,19.7619,3375.8389,2261.745,-23.1824,4.0602,1180,-5043.8414,1952,907.4347,254.7412,8.6066,1060,892,1.0309,458.3949,449.0398,2.0375,0.5168,0.2685,179.8925,2.303,0.8413,352.719,4.5156,2.1122
fojrWPdZ3TS6jmbuMqaq,9/18/2023,18:37:33,VB009,Countermovement Jump,,,759.275,0.2004,153.4575,-0.2204,5899.2806,-7163.4371,1579,207.9615,1230.1007,162.0099,1579,207.9615,1396.3195,183.9017,1728,227.5855,0.36,48.6486,0.139,18.7838,0.241,32.5676,0.413,0.74,65.0318,154.3027,507.859,219.3345,2.3727,-0.5537,-0.8417,1.3207,1.9827,2.159,-617.6692,-7.9804,-819.4598,-10.5876,1637.0397,21.1509,36.7914,2847.5815,-3.8632,759,820,-13.6527,531.0791,699.0216,0.3472,867,861,1.5866,709.2365,687.083,20,3539.5683,2359.7122,-24.1518,3.0918,N/A,-10666.9178,2935,949.5314,386.553,-3.0324,1423,1512,2.3026,485.6975,463.8339,N/A,0.5581,0.2708,170.571,2.2038,0.8402,337.288,4.3578,1.9936
LbIfUwhEuiVCow37JLyB,9/18/2023,18:37:28,VB009,Countermovement Jump,,,760.425,0.1833,146.9875,-0.2003,4319.5266,-7432.4887,1489,195.8116,1141.284,150.085,1489,195.8116,1356.6923,178.4124,1737,228.4249,0.35,45.6919,0.169,22.0627,0.247,32.2454,0.409,0.766,63.9982,148.0075,528.3425,212.0057,2.3127,-0.547,-0.8294,1.2847,1.8962,2.1111,-573.6886,-7.401,-762.1931,-9.8328,1543.9712,19.9183,36.0061,2791.0241,-9.8724,671,818,-13.2359,495.1124,646.1716,-1.6695,854,883,0.3226,680.5344,676.1579,5.2055,2272.1893,2047.3373,-23.4323,0.5893,N/A,-6930.6122,2210,983.2902,290.627,44.3439,1595,615,9.2179,536.9646,446.3256,N/A,0.5339,0.2393,192.51,2.4835,0.8256,335.8325,4.3325,1.9094
HpO3RA00ZYJd0WRNopVD,10/9/2023,18:27:16,VB010,Countermovement Jump,,,657.877,0.3366,172.3411,-0.2798,4258.2418,-5118.4821,1432,217.6699,1076.6484,163.655,1435,218.1259,1306.3759,198.5745,1548,235.3023,0.265,37.1669,0.182,25.5259,0.266,37.3072,0.518,0.713,75.8274,173.2017,543.758,249.0291,2.2842,-0.7649,-1.1341,1.4512,2.5699,2.6795,-740.1649,-11.037,-920.494,-13.726,1790.3016,26.6963,53.0411,3557.0389,3.1359,740,695,2.0046,549.1154,527.533,1.0336,782,766,2.0605,666.6466,639.7293,1.1613,2153.8462,2104.3956,3.9341,4.032,N/A,-17958.1122,3550,834.0813,539.6145,-0.6197,1764,1786,-2.8682,405.0792,429.0021,N/A,0.7265,0.4721,195.561,2.9161,1.1307,348.197,5.1922,2.5827
oXx39a1H84kahtlXZEOS,10/9/2023,18:27:11,VB010,Countermovement Jump,,,659.83,0.3339,172.1511,-0.2727,3618.2796,-4883.7261,1332,201.8702,1025.9247,155.4832,1337,202.6279,1301.4424,197.239,1612,244.3054,0.315,40.9091,0.186,24.1558,0.269,34.9351,0.514,0.77,67.7561,173.2422,541.221,240.9984,2.5568,-0.6903,-1.0142,1.3713,2.5595,2.6574,-641.4283,-9.5364,-815.9957,-12.1318,1726.8917,25.6745,54.5095,3666.3591,0.5236,672,665,3.508,530.957,494.9677,0.1241,807,805,-0.505,647.4349,654.0074,-6.0921,1698.9247,1919.3548,6.8109,-0.9938,N/A,-17086.6489,2968,801.7801,449.8128,-4.1105,1423,1545,-2.4473,391.0789,410.7012,N/A,0.6675,0.4336,190.4845,2.832,1.0074,350.7365,5.2146,2.5757
0lQVaj6zU4MhkJDqWSAa,10/4/2023,18:29:04,VB010,Countermovement Jump,,,659.293,0.3465,175.2376,-0.2999,4327.7778,-4795.3669,1438,218.1124,1106.6389,167.8524,1449,219.7809,1283.7153,194.7109,1524,231.1567,0.287,38.369,0.18,24.0642,0.281,37.5668,0.526,0.748,80.1298,176.1582,560.222,256.2879,2.1984,-0.7935,-1.1967,1.4491,2.6075,2.7083,-790.5386,-11.7629,-1009.02,-15.0138,1771.3975,26.3576,53.3614,3586.2178,5.314,763,686,4.8862,580.3556,526.2833,2.3622,780,744,3.9293,667.0783,616.637,9.371,2366.6667,1961.1111,9.3003,7.5524,1010,-5342.7469,2415,829.1683,366.3015,30.8489,1580,835,-1.2125,409.5574,419.6109,-2.3902,0.7032,0.4633,198.8025,2.9581,1.1923,361.4195,5.3778,2.6212
xjykqfO2czgfITAObTRK,10/4/2023,18:28:58,VB010,Countermovement Jump,,,661.58,0.3394,174.0406,-0.2661,4038.674,-5241.4548,1395,210.8589,1052.6575,159.1126,1392,210.4054,1359.096,205.4318,1611,243.508,0.291,40.3047,0.181,25.0693,0.25,34.626,0.525,0.722,70.4165,175.059,530.6165,245.4755,2.4861,-0.699,-1.0498,1.4499,2.5807,2.6837,-667.7347,-9.9013,-851.7139,-12.6293,1860.8599,27.5931,54.79,3695.0016,-0.431,693,699,6.2893,559.4309,493.2265,0.4345,809,802,-0.9754,672.92,686.176,-17.0999,1674.0331,2364.6409,11.9158,-1.928,N/A,-5572.1963,2895,795.2488,437.5888,1.0708,1463,1432,-5.8631,374.3114,420.9374,N/A,0.7271,0.4702,190.1625,2.8198,1.0441,340.454,5.0483,2.5958
7LFEpWWgxpry9T5YDNaI,10/2/2023,18:32:49,VB010,Countermovement Jump,,,666.379,0.3388,175.1456,-0.2957,3972.973,-4721.7485,1396,209.4904,1088.8486,163.3978,1415,212.3416,1288.7057,193.3893,1549,232.4503,0.324,40.9608,0.185,23.3881,0.282,35.6511,0.53,0.791,77.7874,176.1761,565.1625,253.9635,2.2648,-0.7586,-1.151,1.4077,2.5784,2.6772,-748.7265,-11.0223,-957.6381,-14.0977,1741.7165,25.6404,53.0071,3600.6923,5.0177,743,672,6.7589,581.2216,507.627,-0.1937,773,776,-0.5391,640.8794,647.8262,0.6803,2000,1972.973,12.6825,-1.0508,830,-8110.3042,2927,878.8639,439.2395,-0.2392,1460,1467,-9.7688,396.5048,482.359,-17.7908,0.67,0.4284,201.0675,2.96,1.1451,364.095,5.36,2.5936
AfH96hbLhour2JkqWYVF,10/2/2023,18:32:42,VB010,Countermovement Jump,,,666.395,0.3383,174.999,-0.2914,3828.877,-4746.276,1383,207.5346,1057.0214,158.6178,1388,208.2849,1296.9748,194.6255,1575,236.3463,0.308,39.8448,0.187,24.1915,0.278,35.9638,0.518,0.773,72.6871,175.9757,558.5365,248.6628,2.421,-0.7295,-1.075,1.3986,2.5762,2.6735,-696.0208,-10.2461,-894.2343,-13.164,1745.8741,25.701,53.6921,3647.3112,1.7291,706,682,1.7459,537.738,519.2834,1.7143,801,774,3.3273,670.0647,626.9101,4.4693,2000,1828.877,3.4214,6.4285,N/A,-11748.6878,3025,806.1938,453.935,7.7025,1629,1396,8.235,436.2919,369.9019,N/A,0.6701,0.4376,197.303,2.9045,1.07,361.2335,5.3177,2.5905
TmWhnHka5TqvzyStlQtk,9/18/2023,18:33:07,VB010,Countermovement Jump,,,650.52,0.3523,174.3466,-0.2607,4593.9394,-5404.6447,1409,216.596,1081.2242,166.2092,1409,216.596,1348.912,207.359,1606,246.8794,0.289,41.0511,0.165,23.4375,0.25,35.5114,0.532,0.704,70.6842,175.2855,515.9355,245.9697,2.4798,-0.7016,-1.0707,1.4672,2.6292,2.7313,-686.7603,-10.3565,-915.7192,-13.8093,1874.5708,28.269,56.6405,3755.9404,1.2065,713,696,1.472,548.5697,532.6545,0.2491,805,801,0.3867,677.064,671.848,-0.5277,2284.8485,2309.0909,2.9095,0.7691,N/A,-6027.7487,3362,895.8278,516.8173,12.671,1894,1468,-1.9343,439.25,456.5778,N/A,0.7557,0.5005,178.02,2.6846,1.0659,337.9155,5.0958,2.6433
zZANQFjkIhqEVZjjvhBB,9/18/2023,18:33:00,VB010,Countermovement Jump,,,652.23,0.3335,170.0712,-0.2585,4075.1445,-5253.7572,1358,208.2088,1054.6069,161.6925,1357,208.0554,1356.9463,208.0472,1639,251.2917,0.292,41.3013,0.173,24.4696,0.242,34.2291,0.523,0.707,69.2562,171.2018,511.1335,240.458,2.472,-0.6841,-1.0493,1.4195,2.558,2.6568,-657.7954,-9.8937,-876.2714,-13.1797,1828.0391,27.495,55.0437,3659.6512,-0.6632,674,683,1.4508,534.9538,519.6532,1.0372,828,811,0.3286,680.7025,676.2438,1.844,2075.1445,2000,2.8582,0.6492,N/A,-6706.4137,3386,795.9603,519.142,4.3709,1767,1619,-5.062,377.8343,418.126,N/A,0.7397,0.4717,182.092,2.7388,1.0417,329.0415,4.949,2.575
7VteX3KKOFlGIGODTbJg,10/9/2023,18:25:44,VB011,Countermovement Jump,,,600.665,0.3253,154.6843,-0.1719,13711.1111,-10699.3948,1839,306.1607,1238.0444,206.1123,1839,306.1607,1484.7429,247.1832,1908,317.6479,0.328,55.312,0.09,15.1771,0.175,29.511,0.504,0.593,56.7422,155.6196,371.538,212.3618,2.7426,-0.6298,-0.9325,1.6458,2.5263,2.6444,-674.1138,-11.0096,-890.5871,-14.545,2109.2891,34.4487,57.4615,3518.3615,-3.6433,886,953,-11.3171,548.9667,689.0778,-1.782,937,971,-3.4569,716.7086,768.0343,8.752,7455.5556,6255.5556,-20.5127,-6.6746,N/A,-13625.777,2526,751.5951,420.5339,-61.8369,482,2044,-20.3782,299.2167,452.3783,N/A,0.8499,0.5485,110.802,1.8096,0.9267,260.736,4.2583,2.5416
qiL5l8L9kHOymJzRKG1a,10/9/2023,18:25:37,VB011,Countermovement Jump,,,602.575,0.3325,156.8896,-0.1751,11150.4425,-10684.9653,1871,310.5008,1133.7876,188.1571,1864,309.3391,1532.7929,254.3738,1937,321.4538,0.308,52.2034,0.113,19.1525,0.169,28.6441,0.509,0.59,59.392,158.1238,387.442,217.5158,2.6624,-0.6956,-0.9776,1.6364,2.5542,2.6515,-678.9002,-11.0526,-830.886,-13.5269,2176.0485,35.4264,58.0956,3568.4968,-6.9742,867,997,-13.6999,489.2301,644.5575,-4.698,923,1014,-3.56,739.1124,793.6805,3.0159,5743.3628,5407.0796,-24.2256,-6.8892,770,-14238.9975,3128,798.5416,519.1055,-12.2123,1373,1755,-12.4322,349.6325,448.9091,-22.1268,0.8627,0.5636,127.483,2.0754,0.9669,259.959,4.2322,2.5743
xCQ6nypFgVydrFrpT89j,10/4/2023,18:30:34,VB011,Countermovement Jump,,,604.332,0.3384,158.7385,-0.1866,8573.7705,-8898.0469,1660,274.6835,1103.4672,182.5929,1650,273.0287,1488.5389,246.3114,1826,302.1518,0.308,50.4918,0.122,20,0.18,29.5082,0.515,0.61,60.3675,159.9632,402.839,220.3307,2.6498,-0.6663,-0.9906,1.6121,2.5768,2.6708,-650.3887,-10.5576,-829.1157,-13.4589,2114.6414,34.3265,57.8008,3560.7417,-4.6061,787,863,-13.7696,475.7623,627.7049,-3.0668,885,941,-2.8391,723.1389,765.4,7.8394,4622.9508,3950.8197,-24.3357,-5.5222,710,-13643.9324,2198,819.5746,363.7074,-25.2957,821,1377,-18.8923,332.369,487.2056,-31.7948,0.8443,0.5548,134.096,2.1768,0.9799,268.743,4.3625,2.5967
E1ZKFG1ORp8hy2x3Smju,10/4/2023,18:30:28,VB011,Countermovement Jump,,,604.403,0.3316,157.1529,-0.1674,10721.7391,-11062.8456,1852,306.4181,1065,176.2069,1841,304.5981,1578.4198,261.1535,2007,332.0632,0.35,55.8214,0.115,18.3413,0.162,25.8373,0.514,0.627,52.3482,158.6977,378.4655,211.0459,3.0316,-0.629,-0.8652,1.6322,2.5507,2.6452,-580.6946,-9.4252,-697.4213,-11.3198,2228.3774,36.1686,59.9248,3692.0186,-4.1825,882,959,-13.9139,458.4087,606.5913,-3.2387,971,1036,-1.7786,775.1728,803.2469,-0.0811,5356.5217,5365.2174,-24.5372,-3.5145,620,-13970.1554,2466,857.1194,408.0059,-19.9513,987,1479,3.7684,444.7097,412.4097,7.2623,0.8198,0.5289,121.8545,1.9778,0.8497,256.611,4.165,2.5758
8FyYz7WFnaZNvkQP9J9O,10/2/2023,18:31:30,VB011,Countermovement Jump,,,598.133,0.3084,149.9709,-0.1607,17227.8481,-12244.9163,1968,329.0238,1295.557,216.6001,1961,327.8535,1516.4268,253.5267,2034,340.0581,0.359,59.6346,0.079,13.1229,0.164,27.2425,0.5,0.602,54.41,151.5672,351.3235,205.9772,2.7856,-0.6215,-0.9092,1.6471,2.4597,2.5867,-690.7283,-11.3287,-925.747,-15.1832,2114.1624,34.6745,57.2054,3487.917,-2.6007,955,1006,-5.9766,609.0633,686.4937,-1.1799,1005,1029,-2.9273,736.0183,780.4085,4.0411,8962.0253,8265.8228,-11.4008,-5.6757,N/A,-16874.5345,3247,771.6293,542.8559,-15.4912,1372,1875,-10.9544,343.5508,428.0785,N/A,0.8306,0.5122,101.6625,1.6674,0.8924,249.661,4.0947,2.4859
Oe0ZBzJHZAnM7fhmFaUy,10/2/2023,18:31:25,VB011,Countermovement Jump,,,599.592,0.319,152.9067,-0.1663,13137.2549,-11691.0178,1944,324.2205,1196.0882,199.4837,1944,324.2205,1567.3165,261.3972,2040,340.2314,0.339,56.5943,0.102,17.0284,0.158,26.3773,0.503,0.599,60.1671,153.8555,369.9165,214.0226,2.5571,-0.6869,-0.9906,1.6283,2.5017,2.5986,-705.8433,-11.5484,-881.245,-14.4182,2191.441,35.8544,58.7389,3590.152,-4.1152,932,1012,-6.0778,561.6961,634.3922,-2.6471,993,1047,-1.7857,769.6646,797.6519,0,6568.6275,6568.6275,-11.5186,-3.5296,N/A,-11128.3271,3222,834.4384,537.3654,-2.7933,1566,1656,-8.3935,382.1997,452.2387,N/A,0.8397,0.5325,121.3255,1.985,0.9844,248.591,4.0672,2.5172
40zUD6m5Yp35L9300zmJ,9/18/2023,18:32:08,VB011,Countermovement Jump,,,596.256,0.3453,158.2114,-0.1622,14728.2609,-12096.7663,1962,329.0533,1279.6957,214.6218,1951,327.2084,1601.1962,268.5417,2086,349.8497,0.302,54.7101,0.092,16.6667,0.158,28.6232,0.518,0.552,62.1929,159.7386,370.9955,221.9315,2.5684,-0.7033,-1.0391,1.6849,2.603,2.6994,-776.0214,-12.7676,-1025.5181,-16.8725,2312.5896,38.0483,62.4745,3797.2279,1.5889,991,960,-3.0153,620.5543,659.1413,0.3835,1047,1039,-0.5032,796.5696,804.6266,8.6347,8000,6728.2609,-5.9814,-0.9773,N/A,-19387.8131,3342,995.6925,560.4975,-9.7546,1508,1834,-17.1501,412.4649,583.2276,N/A,0.9384,0.6256,117.0485,1.9258,1.0232,253.947,4.1781,2.6281
KOlBZXnZeKunt4NDtYH8,9/18/2023,18:31:58,VB011,Countermovement Jump,,,597.829,0.3243,153.7267,-0.1615,16215.9091,-12536.6111,2025,338.7256,1287.75,215.4044,2025,338.7256,1604.4052,268.3719,2117,354.1146,0.337,58.3045,0.088,15.2249,0.153,26.4706,0.51,0.578,59.994,154.9987,359.0695,214.9927,2.5836,-0.6889,-0.9961,1.6505,2.5226,2.6162,-755.4363,-12.3962,-1007.5301,-16.5329,2258.7354,37.0644,60.6083,3693.5155,-7.4568,937,1088,-13.4643,557.1818,730.5682,-5.0543,1005,1112,-3.1808,776.6863,827.719,-1.3315,8000,8215.9091,-23.8514,-6.1944,N/A,-18178.8349,3842,829.5457,642.6587,-4.633,1832,2010,-1.8404,407.1395,422.4062,N/A,0.8824,0.5611,112.603,1.8477,0.9845,246.4665,4.0444,2.5434
4kKEsQ142vobLukjp0o6,10/9/2023,18:28:03,VB012,Countermovement Jump,,,582.828,0.3334,151.9566,-0.2837,6014.0845,-5076.6642,1440,247.0712,1161.6127,199.3063,1454,249.4733,1201.4065,206.134,1438,246.728,0.288,42.6036,0.142,21.0059,0.246,36.3905,0.536,0.676,81.7554,152.8748,460.7675,234.6302,1.8699,-0.8793,-1.3822,1.5301,2.5577,2.6576,-912.1403,-15.3529,-1272.284,-21.4147,1684.7006,28.3564,51.1659,3039.8482,-16.6437,606,848,-15.5666,490.3944,671.2183,-15.9944,604,834,-10.1561,539.6951,661.7114,-12.178,2640.8451,3373.2394,-26.9526,-18.4651,N/A,-5839.035,2111,704.0015,362.1995,-16.6272,880,1231,-10.0036,316.7879,387.2136,N/A,0.7929,0.4932,164.517,2.7691,1.3761,296.2505,4.9864,2.5731
yAGEtf6rZaz1SiCiFhKi,10/9/2023,18:27:57,VB012,Countermovement Jump,,,581.442,0.309,145.9366,-0.2865,5524.4755,-4774.5051,1368,235.2771,1083.7622,186.3921,1372,235.9651,1145.1385,196.948,1368,235.2771,0.375,48.2005,0.143,18.3805,0.26,33.419,0.493,0.778,71.4343,147.2321,452.9875,218.6664,2.0611,-0.7862,-1.2177,1.4604,2.4622,2.5766,-764.4439,-12.8976,-1060.9065,-17.8995,1542.798,26.0298,48.838,2894.6472,-18.8047,557,815,-19.7847,434.6713,649.0909,-17.2515,566,802,-8.0823,526.2923,618.8462,-17.9747,2265.7343,3258.7413,-33.0403,-15.0005,N/A,-7744.2937,2733,691.4928,470.0383,11.6722,1526,1207,-1.6349,340.0937,351.3991,N/A,0.6337,0.3972,154.5805,2.6081,1.2052,298.407,5.0347,2.4841
CmXVz92T7oDOtrx0x2EZ,10/4/2023,18:37:36,VB012,Countermovement Jump,,,572.646,0.321,146.4954,-0.2347,5958.042,-6080.473,1427,249.1941,1034.1329,180.5885,1423,248.4956,1250.3134,218.3397,1458,254.6076,0.307,46.027,0.143,21.4393,0.217,32.5337,0.518,0.667,65.5621,147.7498,419.4645,213.3119,2.2536,-0.7453,-1.1354,1.5329,2.5096,2.6219,-689.9109,-11.8189,-905.7894,-15.5171,1728.102,29.6041,53.1551,3102.8622,-22.1363,554,869,-24.7571,389.0559,645.0769,-18.93,591,867,-11.2031,555.1198,695.1935,-21.5962,2335.6643,3622.3776,-39.6998,-20.1917,N/A,-6052.5751,2233,713.2911,389.9442,-0.8509,1107,1126,6.7392,380.6804,332.6107,N/A,0.7766,0.4813,147.4505,2.526,1.1231,272.014,4.6599,2.5311
r4xQo2bzWjWAMJbAoDxC,10/4/2023,18:37:27,VB012,Countermovement Jump,,,573.628,0.297,141.1549,-0.254,3968.75,-4763.513,1210,210.9381,959.65,167.2948,1210,210.9381,1142.6371,199.1948,1350,235.3442,0.309,43.0962,0.16,22.3152,0.248,34.5886,0.497,0.717,61.4435,141.7033,437.187,203.1468,2.3062,-0.6745,-1.0508,1.3898,2.414,2.5309,-588.7002,-10.0678,-802.1492,-13.7181,1486.8732,25.428,50.1782,2934.1122,-14.3802,518,692,-13.4346,415.3625,544.2875,-7.5556,624,726,-11.1055,507.871,634.7661,-25.9843,1468.75,2500,-23.6463,-19.9986,N/A,-6148.2274,2115,677.9278,368.7059,0.8038,1066,1049,-6.2335,317.8345,360.0933,N/A,0.6932,0.4142,153.224,2.6204,1.0508,283.963,4.8562,2.4234
iNhpOchKZC2Ht72hL51K,10/2/2023,18:30:33,VB012,Countermovement Jump,,,582.146,0.3234,149.4892,-0.273,4791.1392,-4904.8129,1339,230.011,1022.1266,175.5791,1344,230.8699,1192.4187,204.8316,1351,232.0724,0.317,43.9667,0.158,21.914,0.246,34.1193,0.52,0.721,69.1354,150.7816,455.104,219.917,2.181,-0.7754,-1.1774,1.4671,2.5191,2.62,-711.7055,-11.9933,-923.2566,-15.5582,1622.3673,27.3392,51.5067,3056.5129,-16.5179,561,783,-19.5534,411.1329,610.9937,-5.1073,641,710,-8.4521,545.8171,646.6016,-17.8336,1968.3544,2822.7848,-32.7161,-15.6181,N/A,-6525.4556,2157,749.9854,370.5256,-8.484,987,1170,-7.3549,347.4122,402.5732,N/A,0.7212,0.4486,161.1145,2.715,1.165,293.9895,4.9541,2.5409
cktJPPdRpkowFK6CFGNf,10/2/2023,18:30:24,VB012,Countermovement Jump,,,581.336,0.3045,144.8538,-0.2385,4537.931,-5208.0974,1242,213.6458,978.1655,168.2616,1240,213.3018,1229.8393,211.554,1445,248.5654,0.407,52.4485,0.145,18.6856,0.224,28.866,0.496,0.776,57.2088,145.8707,417.5925,203.0795,2.5498,-0.6308,-0.9731,1.425,2.4444,2.551,-560.1961,-9.4533,-775.8665,-13.0927,1621.8809,27.3691,51.8266,3071.222,-16.6129,517,723,-17.4979,403.5034,574.6621,-7.9585,665,780,-9.9795,553.5536,676.2857,-20.6687,1800,2737.931,-29.7735,-18.1758,N/A,-7652.7081,2209,695.9737,379.9868,18.3341,1307,902,-3.4311,336.047,359.9267,N/A,0.6392,0.3924,141.5025,2.3878,0.9654,276.09,4.659,2.4616
gpxJgJWiccnrWs4oFN0K,9/18/2023,18:36:44,VB012,Countermovement Jump,,,579.549,0.3112,145.9713,-0.218,6238.806,-6489.45,1415,244.1554,1068.5597,184.3778,1414,243.9828,1272.7725,219.6143,1469,253.473,0.271,43.9935,0.134,21.7532,0.211,34.2532,0.501,0.616,65.1044,146.9637,412.0125,212.0681,2.2574,-0.718,-1.1095,1.5031,2.4709,2.5831,-687.5015,-11.6373,-916.1569,-15.5077,1729.0769,29.268,52.3786,3094.3892,-13.2956,613,801,-19.455,430.3358,638.2239,-8.5092,672,797,-7.8818,586.2275,686.545,-9.5694,2820.8955,3417.9104,-32.6144,-14.6284,N/A,-8658.4234,2423,721.656,418.0837,-17.4577,1000,1423,-14.398,308.876,412.78,N/A,0.8133,0.5051,142.764,2.4166,1.102,269.2485,4.5576,2.4876
9IwkcQbzTSjAmiLRHxHR,9/18/2023,18:36:35,VB012,Countermovement Jump,,,581.803,0.2901,141.4964,-0.2343,4445.8599,-5466.3058,1281,220.1776,942.0955,161.9269,1280,220.0057,1224.7873,210.5158,1443,248.0221,0.318,45.6897,0.157,22.5575,0.221,31.7529,0.492,0.696,56.2144,142.726,418.862,198.9405,2.539,-0.6449,-0.9592,1.4237,2.3858,2.5032,-548.9648,-9.2563,-734.0618,-12.3773,1595.1541,26.8965,50.3169,2984.1535,-20.7813,507,773,-15.1397,399.7325,542.3631,-8.9397,657,786,-12.3098,537.009,687.7783,-38.1089,1375.7962,3070.0637,-26.2169,-21.9506,N/A,-5586.2419,2327,730.1672,399.9636,-11.0443,1035,1292,-3.4828,352.3684,377.7988,N/A,0.7069,0.4168,147.5575,2.488,0.9479,271.3045,4.5746,2.4066
kdVjOjYJ7qlwjByMaYWs,10/9/2023,18:28:46,VB013,Countermovement Jump,,,1140.092,0.2452,254.8821,-0.2039,12848,-13425.1194,2737,240.0683,2226.04,195.2509,2740,240.3315,2272.8978,199.3609,2736,239.9806,0.24,40.678,0.125,21.1864,0.225,38.1356,0.472,0.59,134.9295,256.2258,790.1875,391.1553,1.899,-0.729,-1.1632,1.353,2.1932,2.2931,-1460.0855,-12.5634,-2073.3479,-17.8403,2790.2106,24.0086,41.2579,4794.8797,6.2774,1456,1284,1.5874,1130.688,1095.352,6.5058,1457,1279,5.4008,1197.8267,1075.0711,15.5666,7424,5424,3.0476,10.2453,N/A,-8619.1537,3855,1372.9037,338.1306,3.7095,1999,1856,-14.6547,585.8544,787.0494,N/A,0.8,0.4155,277.441,2.3873,1.161,512.7465,4.412,2.2047
ap759DYtqY6FKnBpCnrO,10/9/2023,18:28:39,VB013,Countermovement Jump,,,1138.765,0.2546,259.4274,-0.1865,14401.7094,-15164.7896,2828,248.3392,2255.0684,198.0275,2827,248.2514,2338.2442,205.3316,2829,248.427,0.248,42.6117,0.117,20.1031,0.217,37.2852,0.483,0.582,129.755,261.681,771.7835,391.436,2.0167,-0.7101,-1.1277,1.3998,2.2349,2.3472,-1439.5599,-12.4012,-2040.6745,-17.5796,2935.7153,25.29,43.4037,5038.3903,7.0393,1513,1314,3.2182,1163.8205,1091.2479,6.8929,1512,1317,4.1665,1217.8341,1120.4101,17.3887,8452.9915,5948.7179,6.1507,8.0171,N/A,-9670.8083,3842,1405.8077,337.383,-5.6741,1812,2030,-21.3234,553.0207,852.7871,N/A,0.8299,0.4374,262.9905,2.2656,1.1178,508.793,4.383,2.2543
ubJp4Lo5rrGlGKS5mEak,10/4/2023,18:29:21,VB013,Countermovement Jump,,,1135.736,0.2309,246.4169,-0.1919,12941.6667,-13972.3044,2681,236.0584,2237.1,196.9736,2692,237.0269,2224.2952,195.8461,2681,236.0584,0.214,38.1462,0.12,21.3904,0.227,40.4635,0.461,0.561,131.3747,248.4309,773.906,379.8056,1.891,-0.7094,-1.1427,1.3387,2.1284,2.2544,-1435.5794,-12.3999,-2045.3596,-17.6669,2680.9183,23.1566,40.1848,4652.332,7.1322,1442,1250,5.601,1181.2,1055.9,6.6766,1430,1251,4.4984,1162.1762,1062.1189,9.8519,7108.3333,5833.3333,10.5859,8.6179,N/A,-6810.0526,3225,1307.1821,283.9568,-2.8217,1567,1658,-19.5892,525.5579,781.6242,N/A,0.8217,0.4116,267.663,2.312,1.1348,506.243,4.3727,2.1458
ncJhEXEPPrKccbI3Rw2F,10/4/2023,18:29:14,VB013,Countermovement Jump,,,1134.611,0.2496,255.9681,-0.2209,11036.7647,-11887.1607,2626,231.445,2169.4265,191.2044,2637,232.4145,2231.8205,196.7036,2626,231.445,0.276,42.7245,0.136,21.0526,0.234,36.2229,0.464,0.646,139.9749,258.04,817.821,398.0149,1.8435,-0.763,-1.2188,1.3583,2.2131,2.3257,-1497.3042,-12.9459,-2154.3014,-18.6264,2756.8796,23.8364,41.8083,4835.4957,13.3106,1494,1143,12.5589,1220.9412,948.4853,13.0236,1484,1142,7.2629,1196.9573,1034.8632,19.7868,6610.2941,4426.4706,22.286,13.5671,1120,-7832.2793,3071,1378.683,270.6655,-3.9401,1475,1596,-7.2124,639.6232,739.0598,-13.4522,0.7183,0.3864,294.282,2.5444,1.2102,523.539,4.5266,2.231
CurcqC7FyZDaRGcbH88v,10/2/2023,18:32:30,VB013,Countermovement Jump,,,1144.228,0.2218,243.3138,-0.2647,8703.9474,-9336.0608,2471,215.9535,2138.6579,186.9084,2497,218.2257,2014.0107,176.0148,2468,215.6913,0.287,39.9166,0.152,21.1405,0.28,38.943,0.46,0.719,150.4813,244.7622,889.55,395.2435,1.6265,-0.7794,-1.293,1.3032,2.086,2.2529,-1533.253,-13.1453,-2273.3878,-19.4908,2401.7295,20.5911,38.4621,4486.1838,8.9307,1360,1137,8.5488,1160.7434,977.9145,8.1037,1334,1134,5.6073,1063.4714,950.5393,7.7853,4690.7895,4013.1579,15.7533,10.6273,N/A,-5302.6772,3486,1359.6378,304.6596,0.4016,1750,1736,-3.1928,658.1138,701.524,N/A,0.6398,0.3085,324.404,2.7813,1.2901,565.146,4.8453,2.0985
RkdAFRxNOYkY0nnLRlyG,10/2/2023,18:32:22,VB013,Countermovement Jump,,,1138.084,0.2403,251.8777,-0.2422,8268.75,-10212.4898,2473,217.295,2045.6125,179.7418,2475,217.4708,2038.669,179.1317,2473,217.295,0.224,33.6842,0.16,24.0602,0.281,42.2556,0.471,0.665,144.5291,254.2884,900.7125,398.8175,1.7594,-0.7651,-1.257,1.3372,2.1711,2.3274,-1443.6084,-12.4435,-2008.0799,-17.3091,2499.1825,21.5423,40.157,4658.7219,3.8384,1285,1190,6.099,1085.1875,960.425,3.518,1280,1193,3.1536,1051.4804,987.1886,4.7619,4331.25,3937.5,11.4994,6.1142,N/A,-6787.7067,3923,1320.1523,344.7021,-0.1784,1958,1965,1.5851,670.5387,649.6136,N/A,0.7083,0.3613,326.6225,2.8154,1.2458,574.09,4.9485,2.1919
wccvenT3QEUqTwXl5kkv,9/18/2023,18:35:14,VB013,Countermovement Jump,,,1109.08,0.2487,249.7451,-0.1712,13350,-15906.2792,2723,245.5188,2179.1083,196.4789,2719,245.1581,2285.4085,206.0634,2746,247.5926,0.189,36.2069,0.12,22.9885,0.213,40.8046,0.465,0.522,127.5859,251.9045,748.814,379.4904,1.9744,-0.7115,-1.1381,1.3988,2.209,2.3338,-1399.2599,-12.3767,-1965.4132,-17.3844,2852.1218,25.2275,43.6101,4930.3895,8.79,1479,1240,9.3322,1191.2333,987.875,8.1573,1485,1261,6.2265,1213.8545,1071.554,6.6167,7116.6667,6233.3333,17.0846,11.7276,N/A,-10312.4722,3307,1295.368,298.1751,61.2337,2666,641,2.4977,663.861,631.507,N/A,0.8908,0.4765,260.6755,2.3057,1.1285,488.1385,4.3177,2.2281
px6PZopft9YQAssv48l3,9/18/2023,18:35:07,VB013,Countermovement Jump,,,1109.482,0.2397,245.2486,-0.2056,8769.7368,-11878.9824,2442,220.1027,1991.0724,179.4596,2438,219.7422,2125.7273,191.5964,2474,222.9869,0.196,33.2203,0.152,25.7627,0.242,41.0169,0.464,0.59,133.3227,247.1379,817.5965,380.4606,1.8537,-0.7345,-1.1861,1.336,2.1685,2.2979,-1338.2929,-11.8331,-1941.526,-17.1669,2586.004,22.8654,41.7135,4717.6713,1.3946,1236,1202,0.3314,998.8355,992.2368,2.6677,1270,1204,3.0002,1094.7521,1030.9752,-0.6752,4355.2632,4414.4737,0.6641,5.8141,N/A,-8821.2195,3449,1349.2455,310.8658,18.1792,2038,1411,-3.0263,654.2067,695.0388,N/A,0.7864,0.4062,301.964,2.67,1.1788,515.6325,4.5592,2.1852
QXkk74wqF4Thv6SiqsR3,10/9/2023,18:26:58,VB015,Countermovement Jump,,,864.703,0.2546,197.0078,-0.3227,4173.1602,-5662.4404,1827,211.2864,1290.632,149.2573,1830,211.6334,1520.8538,175.8816,1827,211.2864,0.309,36.742,0.231,27.4673,0.301,35.7907,0.445,0.841,97.9046,198.3999,756.3265,296.3045,2.0265,-0.8024,-1.117,1.3716,2.235,2.3966,-931.8776,-10.5721,-1124.0092,-12.7518,1920.562,21.7887,41.1193,3624.4625,-5.7923,862,968,-3.6621,621.684,668.9481,-5.8566,860,967,-6.935,707.691,813.1628,-17.8423,1714.2857,2458.8745,-7.0228,-12.9645,N/A,-10323.1123,3026,1043.4786,349.9467,-9.5836,1368,1658,-2.3061,509.7075,533.7711,N/A,0.5291,0.3027,297.651,3.3768,1.1107,458.6755,5.2036,2.2508
JhlMB7G1lT19jXw9Megl,10/9/2023,18:26:52,VB015,Countermovement Jump,,,864.596,0.2683,202.2288,-0.33,4017.1674,-5454.9039,1800,208.1897,1306.2918,151.087,1805,208.768,1538.5733,177.9529,1803,208.5367,0.254,32.2745,0.233,29.6061,0.3,38.1194,0.445,0.787,102.4451,203.0782,766.353,305.5233,1.9823,-0.8167,-1.1625,1.409,2.2946,2.4445,-961.7123,-10.9119,-1175.3725,-13.3362,1994.8451,22.6342,42.2079,3719.9569,-5.928,849,956,-1.6934,642.0858,664.206,-3.9379,866,937,-2.9699,746.44,792.1333,-7.6923,1854.0773,2163.0901,-3.3125,-5.7821,N/A,-21490.3721,2763,1027.6404,319.5712,-13.2103,1199,1564,18.8635,610.7445,416.8959,N/A,0.5654,0.341,303.896,3.4481,1.1624,462.457,5.2472,2.3042
KWchPlPfm78aEGlNEECS,10/4/2023,18:31:19,VB015,Countermovement Jump,,,866.829,0.2615,200.1491,-0.3215,3981.7352,-5409.7575,1739,200.6163,1301.0457,150.0925,1739,200.6163,1508.5897,174.0354,1740,200.7316,0.302,36.2545,0.219,26.2905,0.312,37.455,0.451,0.833,94.6569,201.0804,756.0235,295.7373,2.1243,-0.7417,-1.0723,1.3302,2.2651,2.3883,-874.8604,-9.9009,-1124.838,-12.7299,1882.7106,21.3068,40.6618,3592.9455,-2.8177,845,894,-0.338,648.3242,652.7215,-2.6437,847,893,-1.4651,743.2436,765.3462,-9.633,1799.0868,2182.6484,-0.6457,-2.8918,N/A,-6229.6777,2464,1167.5553,284.2544,0.487,1238,1226,-0.8449,578.845,588.7102,N/A,0.5414,0.3139,284.4925,3.2196,1.0712,471.531,5.3364,2.2756
JWqvZgT1RhOsOE5LhRnR,10/4/2023,18:31:12,VB015,Countermovement Jump,,,866.3,0.261,199.8193,-0.3195,3872.2467,-5458.3118,1744,201.3159,1294.1762,149.3912,1749,201.8931,1505.2236,173.7532,1783,205.8178,0.294,35.2518,0.227,27.2182,0.313,37.53,0.457,0.834,96.6864,200.8416,765.33,297.528,2.0772,-0.7681,-1.0969,1.3382,2.2628,2.414,-899.4069,-10.1849,-1111.2442,-12.5838,1884.6209,21.3415,41.9561,3705.0542,-5.6604,825,924,-2.7817,629.0881,665.0881,-1.7386,876,907,-3.7664,724.2652,780.9585,-11.7179,1709.2511,2162.9956,-5.3875,-7.2635,N/A,-5191.0641,2152,1021.3119,248.4128,3.8104,1117,1035,-0.018,510.5643,510.7476,N/A,0.548,0.3129,293.3365,3.3217,1.0949,471.9935,5.3449,2.2743
OGUP3hq9CoDeMcxSHtBM,10/2/2023,18:30:12,VB015,Countermovement Jump,,,864.596,0.2827,207.5553,-0.3651,5222.2222,-5208.9107,1902,219.9871,1458.4848,168.6898,1933,223.5726,1517.239,175.4853,1900,219.7558,0.306,37.2263,0.198,24.0876,0.318,38.6861,0.471,0.822,117.068,208.472,771.6715,325.54,1.7808,-0.9114,-1.3292,1.4133,2.355,2.4726,-1181.2736,-13.4031,-1620.778,-18.3899,1993.6358,22.6205,41.9942,3701.122,-1.9141,948,985,-1.8381,715.8384,742.6465,-1.1579,939,961,-2.7794,737.5346,779.7044,5.4159,2752.5253,2469.697,-3.6356,-5.4012,N/A,-9436.1007,2655,1142.2225,307.0798,-37.1751,834,1821,-18.3679,466.2103,676.0122,N/A,0.573,0.3439,288.258,3.2707,1.3283,483.4135,5.485,2.3654
WVgMbVNKpn3wuOgcmlsD,10/2/2023,18:30:05,VB015,Countermovement Jump,,,865.411,0.2731,204.1931,-0.3282,5640,-5642.1286,1852,214.0024,1466.1371,169.4151,1852,214.0024,1558.4305,180.0798,1856,214.4646,0.357,43.1681,0.175,21.1608,0.295,35.6711,0.459,0.827,104.6306,205.3543,716.728,309.9848,1.9627,-0.7728,-1.1897,1.4177,2.3147,2.4727,-1025.5635,-11.6254,-1358.4293,-15.3987,2031.3117,23.0262,43.6001,3846.2833,-4.7516,882,970,-4.3169,701.4229,764.7143,-4.4181,887,969,-5.1153,739.3559,819.0746,-12.2594,2474.2857,3165.7143,-8.2477,-9.7268,N/A,-7642.3215,3215,994.3919,371.4998,-43.3904,910,2305,5.3989,524.0389,470.353,N/A,0.555,0.3302,256.0775,2.9028,1.1861,460.6505,5.2218,2.3278
WM5kruyLDgVlsWbewaBH,9/18/2023,18:34:52,VB015,Countermovement Jump,,,856.747,0.2374,188.4998,-0.2694,4368.932,-6514.8935,1755,204.8446,1355.7767,158.247,1755,204.8446,1574.2395,183.7461,1863,217.4504,0.243,34.1292,0.206,28.9326,0.263,36.9382,0.433,0.712,102.3416,189.5655,693.7215,291.9072,1.8523,-0.7253,-1.1746,1.377,2.1584,2.3345,-913.8782,-10.4642,-1305.3856,-14.947,1956.6567,22.4043,40.6241,3547.8656,-4.7293,836,919,-6.0575,636.8252,718.9515,-4.0258,894,969,-3.573,758.9962,815.2433,-2.4444,2131.068,2237.8641,-11.4322,-6.9062,N/A,-8346.8337,2537,1006.033,296.1201,-16.6732,1057,1480,-10.9913,447.7285,558.3045,N/A,0.6081,0.3335,278.8315,3.1927,1.1718,414.89,4.7506,2.1706
eAoDlBewr7eOYh3W8WEq,9/18/2023,18:34:45,VB015,Countermovement Jump,,,856.663,0.2033,174.3863,-0.2412,4931.8182,-7140.5812,1722,201.0125,1364.5852,159.2908,1720,200.7791,1538.4358,179.5847,1902,222.0243,0.322,42.649,0.176,23.3113,0.257,34.0397,0.4,0.755,88.9558,176.0631,635.954,265.0189,1.9792,-0.67,-1.0284,1.3343,1.997,2.2241,-836.2956,-9.5768,-1100.0478,-12.5971,1823.8175,20.8853,39.479,3447.5241,-9.6512,777,943,-7.3353,632.2443,732.3409,-2.9443,923,979,-3.4069,743.0117,795.4241,-17.7419,2028.4091,2903.4091,-13.6352,-6.615,N/A,-18111.768,2580,1006.7862,301.1686,-11.938,1136,1444,-4.882,478.8172,527.9689,N/A,0.5298,0.2692,239.7285,2.7452,1.0187,396.2255,4.5373,2.0162
WkieBXaNQSENiaUUvu03,10/9/2023,18:26:39,VB016,Countermovement Jump,,,643.067,0.3393,169.1246,-0.3835,2628.4404,-3170.6744,1216,189.0938,977.2248,151.9631,1216,189.0938,1137.3761,176.8674,1403,218.1732,0.5,47.1254,0.218,20.5467,0.343,32.328,0.527,1.061,72.5589,170.142,603.4615,242.7009,2.3449,-0.731,-1.113,1.3882,2.58,2.6965,-656.325,-10.0123,-872.917,-13.3164,1531.1432,23.3576,51.3386,3365.3553,-10.1974,546,670,-14.3774,418.3624,558.8624,-4.0627,673,730,-7.065,528.5102,608.8659,8.5515,1426.6055,1201.8349,-25.1884,-13.2003,N/A,0,2586,491.1273,402.1354,3.2483,1335,1251,-33.7311,162.7323,328.395,N/A,0.4967,0.3198,212.7475,3.2455,1.1069,390.714,5.9603,2.5955
gFpUJ2ucf3oS7BFFh8I2,10/9/2023,18:26:32,VB016,Countermovement Jump,,,644.012,0.3616,174.8562,-0.3427,2633.0275,-3560.4675,1220,189.4375,986.1009,153.1184,1221,189.5927,1201.6497,186.5881,1449,224.9958,0.575,51.9422,0.218,19.6929,0.314,28.365,0.551,1.107,74.2854,175.6957,592.5955,249.9811,2.3651,-0.7254,-1.1348,1.4128,2.6635,2.7573,-661.0702,-10.0698,-897.4746,-13.6709,1654.1879,25.1976,53.6726,3523.5241,-17.2809,505,716,-16.7242,410.5917,575.5092,-5.176,687,762,-7.2167,557.465,644.1847,-11.8467,1160.5505,1472.4771,-28.6658,-13.4911,1200,-4004.146,3451,788.3408,535.8596,0.7824,1739,1712,18.0995,465.5133,322.8275,30.6472,0.4977,0.3266,214.68,3.2701,1.1316,377.9155,5.7566,2.6763
7oHYuzNFmYbF5x8kDyey,10/4/2023,18:28:45,VB016,Countermovement Jump,,,651.642,0.3339,170.0317,-0.3205,2145.8333,-3641.206,1167,179.0861,894.5167,137.2712,1167,179.0861,1160.9042,178.1506,1456,223.4356,0.47,45.0192,0.24,22.9885,0.334,31.9923,0.518,1.044,58.0319,170.6646,602.739,228.6965,2.9409,-0.6128,-0.8736,1.344,2.5597,2.6715,-504.942,-7.6015,-637.2601,-9.5935,1529.7625,23.0295,51.2149,3402.0141,-14.8243,497,670,-15.1124,379.6667,514.85,-4.8077,693,763,-8.0817,533.5419,627.3623,-11.4563,950,1195.8333,-26.2639,-14.9666,920,-8222.3485,3710,840.1804,569.331,-1.779,1822,1888,-12.5923,367.1913,472.9891,-22.3643,0.4962,0.3199,214.426,3.228,0.8736,388.313,5.8458,2.5692
1zTN2eQcVmCjXWlB3aSW,10/4/2023,18:28:37,VB016,Countermovement Jump,,,652.553,0.3308,169.4641,-0.3138,2175.7322,-3744.516,1175,180.062,937.728,143.7014,1174,179.9088,1205.6026,184.7517,1494,228.9469,0.365,40.0659,0.239,26.2349,0.307,33.6992,0.519,0.911,67.8948,170.3532,594.542,238.2481,2.5091,-0.656,-1.0247,1.3219,2.5476,2.64,-574.194,-8.632,-781.1595,-11.7434,1568.3424,23.5773,51.292,3411.9017,-6.1329,551,623,-8.2006,430.4142,507.3138,-4.1499,716,778,-5.8635,567.456,638.1466,4.2308,1133.8912,1041.841,-15.1822,-11.0706,N/A,-114.0304,2241,482.5152,343.4204,-7.3628,1038,1203,-27.1066,175.8609,306.6543,N/A,0.5697,0.3631,223.855,3.3653,1.0207,370.687,5.5726,2.561
tN2iwy7WmVR9buBmNFPM,10/2/2023,18:30:53,VB016,Countermovement Jump,,,644.984,0.3761,178.6025,-0.3292,1765.1515,-3383.6398,1114,172.7175,827.9735,128.3712,1111,172.2523,1167.1458,180.9573,1472,228.2227,0.611,50.1642,0.264,21.6749,0.343,28.1609,0.54,1.218,48.0752,179.6445,619.225,227.7197,3.7367,-0.5257,-0.7375,1.3867,2.7165,2.8133,-406.7914,-6.1872,-499.9387,-7.6039,1604.183,24.3991,54.9899,3615.4531,-12.1512,488,623,-13.1468,359.5606,468.4129,-5.163,698,774,-7.6444,538.9621,628.1837,-9.4421,799.2424,965.9091,-23.2448,-14.2098,1000,-12406.3432,2577,825.631,399.5448,-22.7784,995,1582,7.1505,442.334,383.297,13.3366,0.4433,0.3088,218.351,3.321,0.7312,400.874,6.0972,2.7323
hoi49MMcHfqtd9i9yCYr,10/2/2023,18:30:45,VB016,Countermovement Jump,,,648.345,0.3552,174.465,-0.3148,2420.8145,-3761.3897,1184,182.6188,934.7149,144.1694,1184,182.6188,1224.9835,188.9401,1515,233.6719,0.478,47.7046,0.221,22.0559,0.303,30.2395,0.532,1.002,63.0188,175.3005,578.052,238.3192,2.7817,-0.6417,-0.9567,1.3817,2.6398,2.7345,-552.8952,-8.3658,-707.3145,-10.7023,1658.5636,25.0954,54.1692,3580.0543,-14.0203,509,675,-10.8011,416.8778,517.8371,-5.2145,718,797,-8.8375,558.363,666.6205,-22.243,941.1765,1479.638,-19.4727,-16.2487,N/A,-9993.9144,3229,782.1318,498.0373,-13.3478,1399,1830,11.996,437.978,344.1537,N/A,0.5309,0.3545,206.303,3.1215,0.9535,371.749,5.6249,2.6524
GdXOR44bboxH3WwXgudg,9/18/2023,18:35:54,VB016,Countermovement Jump,,,632.201,0.3672,172.9701,-0.2623,3914.2857,-5031.4976,1320,208.7944,1012.7314,160.1914,1318,208.478,1304.2209,206.2985,1543,244.0679,0.327,43.0263,0.175,23.0263,0.258,33.9474,0.546,0.76,66.2483,174.0236,514.015,240.272,2.6268,-0.6877,-1.0349,1.4771,2.684,2.7796,-631.9932,-9.8068,-816.3501,-12.6675,1836.7052,28.5006,56.7775,3659.0034,-14.5675,563,755,-13.8409,436.28,576.4514,-4.731,735,808,-7.2653,604.7326,699.4884,-19.4161,1577.1429,2337.1429,-24.299,-13.5711,N/A,-8239.4339,3148,876.0322,497.9429,5.5909,1662,1486,30.7081,572.5224,303.5098,N/A,0.7184,0.4831,176.8835,2.7447,1.028,337.1315,5.2313,2.7004
D97bFlncySUxDo1dg5wN,9/18/2023,18:35:44,VB016,Countermovement Jump,,,633.759,0.3532,170.0682,-0.2412,4235.2941,-5601.6143,1351,213.1725,994.8294,156.9728,1351,213.1725,1358.7957,214.4026,1602,252.7775,0.399,49.6269,0.17,21.1443,0.235,29.2289,0.541,0.804,61.019,171.0461,488.7375,232.0651,2.8032,-0.6344,-0.9503,1.4991,2.6325,2.7392,-573.6276,-8.8792,-731.3704,-11.3209,1906.076,29.5043,56.8445,3672.3465,-14.2857,579,772,-11.0992,442.2059,552.6235,-6.4919,749,853,-10.0367,611.2085,747.5872,-21.6667,1658.8235,2576.4706,-19.9444,-18.2513,N/A,-9262.7602,2778,804.8748,438.337,-28.6537,991,1787,18.3986,476.4803,328.3945,N/A,0.6729,0.4393,168.758,2.6122,0.9445,319.9795,4.953,2.6476
pKijgdOKteUlF94Bh54n,10/9/2023,18:24:54,VB017,Countermovement Jump,,,704.531,0.2893,171.1008,-0.3431,6347.561,-5086.298,1745,247.6825,1338.9878,190.0538,1768,250.9471,1272.7708,180.655,1743,247.3986,0.313,40.2314,0.164,21.0797,0.301,38.6889,0.476,0.778,103.5269,171.8952,603.029,275.4221,1.6604,-0.9586,-1.4432,1.4521,2.3824,2.4871,-1131.3969,-15.7537,-1540.6103,-21.4517,1702.8558,23.7108,43.862,3150.0638,3.733,917,851,3.164,690.6768,648.311,3.7292,904,839,1.3067,644.701,628.0698,3.17,3274.3902,3073.1707,6.1345,2.5882,N/A,-19051.514,3174,850.5522,450.5125,-7.5614,1467,1707,-11.7654,375.2407,475.3115,N/A,0.6118,0.3718,219.07,3.0504,1.4415,383.959,5.3463,2.3935
0pWxufwUARJBEKKAfwen,10/9/2023,18:24:48,VB017,Countermovement Jump,,,706.315,0.2742,167.0069,-0.3246,6555.5556,-5252.6019,1705,241.3937,1368.1961,193.7091,1732,245.2164,1282.5326,181.5808,1705,241.3937,0.333,42.8571,0.153,19.6911,0.291,37.4517,0.468,0.777,100.7623,168.5203,582.8865,269.2826,1.6725,-0.9144,-1.4111,1.4549,2.3196,2.4684,-1114.3301,-15.4769,-1574.6962,-21.8709,1695.9827,23.5555,43.2514,3114.0763,-1.0393,857,875,-0.2054,682.6928,685.5033,0.176,854,851,5.4791,676.4021,606.1306,1.6949,3333.3333,3222.2222,-0.4191,10.3616,930,-14103.3961,3203,879.7817,453.4804,16.5158,1866,1337,16.2001,511.1538,368.628,27.8938,0.6023,0.3529,208.8285,2.9004,1.3995,374.058,5.1953,2.3406
jgdNosBz7SkZiOpGfkRH,10/4/2023,18:29:54,VB017,Countermovement Jump,,,699.745,0.2879,169.5372,-0.2979,6503.268,-5682.4573,1693,241.9453,1346.4641,192.4221,1714,244.9464,1316.1164,188.0851,1691,241.6595,0.265,38.2395,0.153,22.0779,0.275,39.6825,0.484,0.693,98.4465,170.3336,568.271,268.7801,1.7302,-0.8876,-1.3819,1.4547,2.3768,2.497,-1066.2216,-14.9478,-1463.8235,-20.5219,1753.53,24.5834,44.5814,3179.9813,0.2334,859,855,-1.913,660.3529,686.1111,1.2419,856,835,4.1301,685.2364,630.88,6.7337,3470.5882,3032.6797,-3.7937,7.9122,1120,-19021.9001,2976,847.3875,425.2978,3.0914,1534,1442,10.7753,469.3482,378.0393,19.4556,0.6984,0.4155,205.5075,2.8811,1.3802,362.7635,5.0857,2.388
S8Q68vH6gs8gMp75npWg,10/4/2023,18:29:48,VB017,Countermovement Jump,,,698.46,0.2875,169.0877,-0.3182,6153.8462,-5191.3573,1652,236.5203,1333.2308,190.8815,1681,240.6723,1287.9514,184.3987,1652,236.5203,0.362,44.9132,0.156,19.3548,0.288,35.732,0.478,0.806,98.5407,170.5835,579.2405,269.1243,1.7311,-0.8977,-1.3957,1.4333,2.3749,2.4803,-1071.4998,-15.0494,-1479.2299,-20.7761,1701.0741,23.8919,43.0791,3067.1757,2.9149,865,816,1.1337,674.1731,659.0577,3.632,856,796,4.0606,670.125,617.8264,12.0833,3448.7179,2705.1282,2.1921,7.8004,N/A,-16744.7309,2520,793.7372,360.7937,-1.1111,1246,1274,0.6689,399.5233,394.2139,N/A,0.5931,0.3567,207.5005,2.9144,1.384,371.74,5.2212,2.3959
M9lt8uFYGNDhdMfj7NsT,10/2/2023,18:31:13,VB017,Countermovement Jump,,,701.637,0.2694,164.4315,-0.3204,6790.5405,-5316.0478,1703,242.7181,1415.5676,201.7521,1725,245.8536,1256.6824,179.1072,1699,242.148,0.357,44.5693,0.148,18.4769,0.296,36.9538,0.468,0.801,105.1537,165.1289,581.8095,270.2827,1.5704,-0.9185,-1.4707,1.4661,2.299,2.4561,-1167.0532,-16.3173,-1674.1042,-23.4066,1669.9011,23.3479,42.2267,3020.1653,0.1739,864,861,-2.4324,690.5676,725,0.6474,855,844,5.9557,665.7635,590.9189,7.4627,3648.6486,3141.8919,-4.7934,11.2126,N/A,-11977.3812,3291,839.4122,469.046,13.704,1871,1420,-3.3606,405.6014,433.8109,N/A,0.5843,0.3363,208.996,2.9221,1.4702,372.8135,5.2125,2.3088
Vidq3nYJnLV7xs6BCdRS,10/2/2023,18:31:05,VB017,Countermovement Jump,,,702.023,0.261,161.9257,-0.2962,4823.8636,-5233.3965,1550,220.7905,1195.5398,170.2992,1560,222.2149,1268.3415,180.6695,1550,220.7905,0.304,39.6349,0.176,22.9465,0.287,37.4185,0.458,0.767,86.432,163.2949,574.7635,249.7269,1.8893,-0.8059,-1.2175,1.36,2.2627,2.3833,-867.1154,-12.117,-1105.8138,-15.4525,1595.7474,22.2988,41.3802,2961.2484,-0.641,775,785,-0.4833,594.8807,600.6591,-1.0323,767,783,1.7659,645.3693,622.9721,-5.5359,2278.4091,2545.4545,-0.9423,3.4514,960,-13796.3307,3233,866.7062,460.5262,-1.7012,1589,1644,4.6159,453.3562,413.35,8.8178,0.5971,0.3402,209.988,2.9344,1.2078,364.7755,5.0973,2.2819
ZKsuruZldMs4iMxwMnB9,9/18/2023,18:35:33,VB017,Countermovement Jump,,,691.52,0.253,157.0401,-0.3247,6863.9456,-5233.2767,1699,245.6907,1382.898,199.9795,1759,254.3672,1223.9257,176.9906,1699,245.6907,0.298,40.2159,0.147,19.8381,0.296,39.946,0.455,0.741,101.1251,158.4266,565.895,259.5516,1.5666,-0.9337,-1.4449,1.4159,2.2278,2.3807,-1146.214,-16.2604,-1614.3863,-22.9019,1572.623,22.3095,40.892,2882.5311,-0.2843,877,882,-2.7026,672.7619,710.1361,0.8829,857,842,5.9501,648.375,575.5507,6.0456,3639.4558,3224.4898,-5.3043,11.2028,N/A,-15512.0171,2873,863.9238,415.4616,23.2858,1771,1102,22.7259,530.1289,333.7948,N/A,0.614,0.3414,202.7785,2.8766,1.4346,363.1165,5.1512,2.2475
cBFMResRKRmdRrOzQvie,9/18/2023,18:35:26,VB017,Countermovement Jump,,,689.906,0.2772,163.9983,-0.3454,5564.4172,-4620.8352,1596,231.3359,1284.3006,186.1559,1650,239.163,1210.4857,175.4566,1593,230.901,0.321,40.1752,0.163,20.4005,0.315,39.4243,0.476,0.799,96.4288,164.7656,590.9695,261.1944,1.7087,-0.9015,-1.3727,1.4107,2.3319,2.4442,-1028.4167,-14.6234,-1424.9451,-20.2618,1582.7692,22.5059,41.7343,2935.0407,0.8485,832,818,-0.7036,637.6319,646.6687,0.8161,803,790,-0.723,600.8667,609.619,4.2999,2901.8405,2662.5767,-1.4189,-1.4318,N/A,-11219.5351,2830,833.5375,410.2008,-20.0707,1131,1699,12.778,470.0235,363.5139,N/A,0.5957,0.3469,208.8835,2.9702,1.3712,382.086,5.433,2.3429
KZaxhL3W79TsO6f2mlBu,10/9/2023,18:25:18,VB018,Countermovement Jump,,,727.819,0.41,210.4279,-0.2583,8834.5324,-7639.148,1973,271.0839,1540.1151,211.6069,1973,271.0839,1660.3584,228.1279,1982,272.3205,0.389,51.5915,0.139,18.435,0.226,29.9735,0.577,0.754,112.2612,211.7264,589.6415,323.9876,1.886,-0.9402,-1.5214,1.712,2.8363,2.9426,-1302.0739,-17.5502,-1868.4469,-25.1841,2570.8996,34.6522,62.273,4620.1331,-0.7603,979,994,0.2747,772.1727,767.9424,-1.6145,975,1007,0.295,832.6283,827.7301,-23.127,3395.6835,5438.8489,0.6603,0.5754,N/A,-7092.2227,2918,912.3134,400.9239,8.5675,1584,1334,5.9399,483.2519,429.0615,N/A,0.7653,0.5438,213.428,2.8767,1.5131,376.2135,5.0708,2.8538
6hP986CDmSdCUSn5N7Zl,10/9/2023,18:25:07,VB018,Countermovement Jump,,,727.479,0.4204,212.9773,-0.278,8202.8986,-6666.3434,1853,254.7153,1537.5072,211.3473,1875,257.7394,1610.814,221.4241,1853,254.7153,0.236,38.3117,0.138,22.4026,0.242,39.2857,0.58,0.616,111.2084,214.6796,602.33,325.888,1.9304,-0.9407,-1.5133,1.6927,2.872,2.9721,-1299.6536,-17.5257,-1884.7886,-25.4162,2499.4091,33.7043,61.8576,4587.1686,-1.2267,926,949,-5.3729,727.4493,810.058,-2.3206,905,948,0.3476,808.2066,802.6074,14.841,4710.1449,3492.7536,-10.2952,0.6731,N/A,-7609.8278,3073,867.477,422.4177,16.3684,1788,1285,-0.1681,433.0092,434.4678,N/A,0.9416,0.6825,211.6005,2.8534,1.4996,390.7295,5.269,2.8949
5dGsdDRFMRlEbfaarbA1,10/4/2023,18:27:28,VB018,Countermovement Jump,,,731.561,0.3908,206.4919,-0.3087,8583.9416,-6181.5946,1908,260.8122,1577.4307,215.6253,1939,265.0497,1601.2437,218.8804,1908,260.8122,0.272,42.0402,0.137,21.1747,0.238,36.7852,0.574,0.647,115.2881,207.9225,597.546,323.2106,1.8035,-0.9706,-1.5558,1.6676,2.769,2.8689,-1368.841,-18.3557,-1978.6329,-26.5328,2425.3261,32.5229,57.2018,4265.7095,0.4642,974,965,-0.0426,788.3796,789.0511,-0.3145,951,957,0.7457,806.5924,794.6513,4.7619,4496.3504,4087.5912,-0.1113,1.4572,790,-5008.3541,3020,994.9494,412.8159,50.5298,2273,747,5.2071,523.3785,471.5709,9.9195,0.8872,0.604,215.512,2.8899,1.546,382.034,5.123,2.7882
Gwr7LFWz4PAsTmSFv6Wu,10/4/2023,18:27:18,VB018,Countermovement Jump,,,729.78,0.3992,208.2036,-0.2832,7722.2222,-6483.6121,1836,251.5827,1483.5347,203.2852,1848,253.227,1607.7637,220.308,1846,252.9529,0.266,41.1128,0.144,22.2566,0.237,36.6306,0.571,0.647,107.9747,208.9841,595.005,316.9588,1.9355,-0.9155,-1.4527,1.6737,2.7988,2.8964,-1213.1548,-16.3077,-1708.7821,-22.9701,2454.9937,33.001,58.9189,4383.0601,0.4329,928,920,-0.3319,739.3056,744.2292,-1.0834,913,933,-0.2204,802.1097,805.654,3.0576,3979.1667,3743.0556,-0.681,-0.4498,N/A,-5419.9357,2612,876.6681,357.9161,43.4916,1874,738,19.3726,523.2507,353.4174,N/A,0.8825,0.6171,213.063,2.8641,1.4514,381.942,5.1342,2.8092
24Aqk8xkhBWmOk36eSjt,10/2/2023,18:29:11,VB018,Countermovement Jump,,,729.439,0.4172,212.7425,-0.3518,6677.0186,-5124.6062,1803,247.1763,1446.7019,198.3308,1805,247.4504,1479.6408,202.8464,1803,247.1763,0.29,39.4558,0.161,21.9048,0.284,38.6395,0.572,0.735,114.9353,213.9453,653.481,328.8806,1.8614,-0.978,-1.5525,1.7113,2.8611,2.9592,-1269.9365,-17.079,-1777.9213,-23.9107,2323.5637,31.2489,54.7455,4070.6925,-0.4986,898,907,0.489,726.8882,719.8137,-0.4992,897,906,0.8339,745.9894,733.6514,1.9535,3403.7267,3273.2919,0.9662,1.6369,N/A,-7111.2822,2999,890.3983,411.1379,10.3034,1654,1345,5.2096,468.3921,422.0062,N/A,0.7782,0.5677,232.375,3.1251,1.5457,421.106,5.6633,2.8773
ATxW1Grl1PAxmYO2y4V4,10/2/2023,18:29:01,VB018,Countermovement Jump,,,730.922,0.4133,212.1657,-0.3149,7078.9474,-5744.8814,1809,247.4956,1467.2171,200.7351,1811,247.7693,1555.6783,212.8378,1809,247.4956,0.293,41.6785,0.152,21.6216,0.258,36.6999,0.577,0.703,111.3729,213.6746,624.7255,325.0475,1.9186,-0.9387,-1.5056,1.6772,2.8476,2.9395,-1241.6967,-16.6653,-1771.062,-23.7701,2400.6918,32.2207,57.7415,4302.1951,4.9144,950,861,7.799,790.8224,676.3947,4.8093,948,861,2.6213,798.2287,757.4496,7.9926,3822.3684,3256.5789,14.4682,5.0994,980,-5221.6975,2192,944.4571,299.8952,31.7518,1444,748,4.6134,494.0143,450.4429,8.835,0.8208,0.5879,222.473,2.9859,1.4948,402.2525,5.3988,2.8678
GUjzFRoIwn4A4cbsQ56u,9/18/2023,18:36:18,VB018,Countermovement Jump,,,731.089,0.4065,210.4635,-0.3201,7039.4737,-5610.3918,1796,245.6609,1479.0724,202.3108,1802,246.4816,1499.4635,205.1,1796,245.6609,0.292,40.6685,0.152,21.1699,0.274,38.1616,0.573,0.718,113.152,211.4156,636.0115,324.5676,1.8684,-0.9416,-1.5218,1.7047,2.8241,2.9361,-1256.0603,-16.8542,-1788.9047,-24.0041,2334.5891,31.3263,54.615,4070.1789,-3.2186,872,930,-2.7947,718.8684,760.2039,-3.8976,863,933,-1.3584,739.5474,759.9161,2.243,3598.6842,3440.7895,-5.4607,-2.6903,910,-7402.2229,2764,964.9473,378.0661,18.741,1641,1123,9.8635,530.0626,434.8846,17.9633,0.7981,0.5661,224.2775,3.0094,1.5183,411.734,5.5248,2.8368
wMZeIFlrKDP88XBHgxaT,9/18/2023,18:36:07,VB018,Countermovement Jump,,,733.042,0.4055,210.7588,-0.3037,7552.4476,-5989.6682,1819,248.144,1493.7902,203.7796,1819,248.144,1567.581,213.846,1832,249.9175,0.294,42.6087,0.143,20.7246,0.253,36.6667,0.575,0.69,108.24,212.0349,610.5595,320.2749,1.9589,-0.9042,-1.4561,1.7064,2.8205,2.9368,-1216.8336,-16.2844,-1756.3125,-23.504,2429.6818,32.5154,58.1438,4344.7376,2.6938,934,885,4.4426,780.0769,713.7133,1.7467,932,900,1.3949,794.7233,772.8577,2.2222,3860.1399,3692.3077,8.517,2.7504,N/A,-5976.0555,2792,964.3711,380.8786,24.1404,1733,1059,14.0921,550.1355,414.2357,N/A,0.8333,0.5876,213.065,2.8514,1.4485,397.4945,5.3195,2.8376
